City_ID,City,Country,Date,Lat,Lng,Max Temp,Humidity,Cloudiness,Wind Speed
0,Axim,GH,2022-02-19 17:21:46,4.8699,-2.2405,82.81,73,97,10.67
1,Gwadar,PK,2022-02-19 17:21:47,25.1216,62.3254,72.66,62,0,8.34
2,Assiniboia,CA,2022-02-19 17:21:47,49.6334,-105.9845,33.62,64,70,19.57
3,Punta Arenas,CL,2022-02-19 17:16:57,-53.15,-70.9167,46.42,78,100,14.97
4,Hermanus,ZA,2022-02-19 17:21:47,-34.4187,19.2345,70.9,82,30,9.48
5,Rikitea,PF,2022-02-19 17:21:47,-23.1203,-134.9692,78.04,70,13,9.13
6,Zachepylivka,UA,2022-02-19 17:21:48,49.1939,35.2394,39.33,90,100,19.33
7,Cabo San Lucas,MX,2022-02-19 17:20:13,22.8909,-109.9124,74.61,63,40,5.01
8,Kirkland Lake,CA,2022-02-19 17:21:48,48.1446,-80.0377,3.49,60,100,14.58
9,Kerewan,GM,2022-02-19 17:21:48,13.4898,-16.0888,87.91,9,14,5.93
10,Seoul,KR,2022-02-19 17:20:46,37.5683,126.9778,22.51,45,0,13.8
11,Katsuura,JP,2022-02-19 17:21:49,35.1333,140.3,51.82,84,100,32.59
12,Dudinka,RU,2022-02-19 17:21:49,69.4058,86.1778,20.62,95,100,19.37
13,Taseyevo,RU,2022-02-19 17:21:50,57.2169,94.8978,3.45,100,98,2.17
14,Hobart,AU,2022-02-19 17:21:50,-42.8794,147.3294,57.06,75,100,6.91
15,Gazanjyk,TM,2022-02-19 17:21:51,39.2446,55.5154,55.09,36,1,4.79
16,Luyang,CN,2022-02-19 17:21:51,27.6239,110.0989,37.18,84,100,6.31
17,Santa Maria,BR,2022-02-19 17:21:36,-29.6842,-53.8069,87.1,40,20,10.36
18,Khatanga,RU,2022-02-19 17:21:52,71.9667,102.5,-29.34,100,8,4.59
19,Qaanaaq,GL,2022-02-19 17:21:52,77.484,-69.3632,-1.21,51,17,8.52
20,Airai,TL,2022-02-19 17:21:53,-8.9266,125.4092,60.42,92,100,1.63
21,Chuy,UY,2022-02-19 17:21:53,-33.6971,-53.4616,77.65,57,37,10.69
22,Beringovskiy,RU,2022-02-19 17:21:53,63.05,179.3167,-14.67,96,50,13.11
23,Albany,US,2022-02-19 17:19:03,42.6001,-73.9662,30.61,80,100,12.39
24,Sangar,RU,2022-02-19 17:21:54,63.9242,127.4739,-36.74,100,97,1.16
25,Le Vauclin,MQ,2022-02-19 17:19:12,14.5452,-60.8388,84.25,58,40,17.27
26,Puerto Ayora,EC,2022-02-19 17:21:54,-0.7393,-90.3518,85.96,86,28,7.0
27,Husavik,IS,2022-02-19 17:21:55,66.0449,-17.3389,17.51,82,11,9.93
28,Bredasdorp,ZA,2022-02-19 17:21:55,-34.5322,20.0403,70.92,73,50,19.57
29,Ushuaia,AR,2022-02-19 17:20:15,-54.8,-68.3,47.86,49,75,3.44
30,Vetluga,RU,2022-02-19 17:21:55,57.8557,45.781,32.5,89,100,13.73
31,Cidreira,BR,2022-02-19 17:21:56,-30.1811,-50.2056,77.04,61,0,10.42
32,Longyearbyen,SJ,2022-02-19 17:21:56,78.2186,15.6401,3.04,72,40,16.11
33,Atuona,PF,2022-02-19 17:21:56,-9.8,-139.0333,78.04,73,15,22.19
34,Cape Town,ZA,2022-02-19 17:19:56,-33.9258,18.4232,72.88,69,20,4.61
35,Salisbury,GB,2022-02-19 17:21:57,51.0693,-1.7957,51.51,69,75,24.16
36,La Seyne-Sur-Mer,FR,2022-02-19 17:21:57,43.0982,5.8847,56.93,47,100,8.01
37,Portland,US,2022-02-19 17:19:40,45.5234,-122.6762,43.45,94,100,3.44
38,Shenjiamen,CN,2022-02-19 17:21:57,29.9576,122.298,39.16,62,100,26.51
39,Ribeira Grande,PT,2022-02-19 17:21:58,38.5167,-28.7,59.4,51,75,5.75
40,New Norfolk,AU,2022-02-19 17:21:58,-42.7826,147.0587,56.7,62,100,2.91
41,Lumsden,CA,2022-02-19 17:21:58,50.6501,-104.8678,34.77,86,97,12.71
42,Tasiilaq,GL,2022-02-19 17:21:59,65.6145,-37.6368,15.96,59,100,32.48
43,Hamilton,US,2022-02-19 17:18:07,39.1834,-84.5333,31.62,46,0,18.41
44,Staryy Nadym,RU,2022-02-19 17:21:59,65.6118,72.6842,24.37,92,100,18.25
45,Jamestown,US,2022-02-19 17:23:00,42.097,-79.2353,21.09,62,100,24.16
46,Souillac,MU,2022-02-19 17:23:00,-20.5167,57.5167,79.36,100,75,18.41
47,Lasa,IT,2022-02-19 17:23:00,46.6166,10.7002,44.51,95,100,3.15
48,Lebu,CL,2022-02-19 17:23:01,-37.6167,-73.65,65.07,76,1,9.28
49,Torbay,CA,2022-02-19 17:23:01,47.6666,-52.7314,29.88,71,75,9.22
50,Sitka,US,2022-02-19 17:23:01,57.0531,-135.33,37.29,87,100,4.61
51,Itarema,BR,2022-02-19 17:23:02,-2.9248,-39.9167,87.21,57,84,11.54
52,Vaini,TO,2022-02-19 17:23:02,-21.2,-175.2,80.4,77,20,15.23
53,Busselton,AU,2022-02-19 17:23:02,-33.65,115.3333,64.04,81,100,13.67
54,Kapaa,US,2022-02-19 17:23:03,22.0752,-159.319,66.18,94,0,10.36
55,Avarua,CK,2022-02-19 17:23:03,-21.2078,-159.775,75.25,94,75,1.14
56,Marataizes,BR,2022-02-19 17:23:04,-21.0433,-40.8244,79.93,81,98,9.19
57,Cherskiy,RU,2022-02-19 17:23:04,68.75,161.3,-43.08,100,49,4.14
58,Butaritari,KI,2022-02-19 17:23:04,3.0707,172.7902,80.47,83,100,19.95
59,Chokurdakh,RU,2022-02-19 17:21:00,70.6333,147.9167,-34.96,100,89,2.24
60,Bambous Virieux,MU,2022-02-19 17:21:09,-20.3428,57.7575,79.21,100,75,18.41
61,Marsh Harbour,BS,2022-02-19 17:23:05,26.5412,-77.0636,77.49,75,0,9.26
62,Guerrero Negro,MX,2022-02-19 17:21:02,27.9769,-114.0611,65.01,30,0,1.25
63,Victoria,HK,2022-02-19 17:22:17,22.2855,114.1577,50.32,93,100,11.01
64,Kholodnyy,RU,2022-02-19 17:23:05,62.7167,147.95,-31.74,100,94,3.71
65,Omboue,GA,2022-02-19 17:23:06,-1.5746,9.2618,82.02,74,70,8.46
66,Guymon,US,2022-02-19 17:23:06,36.6828,-101.4816,49.48,37,0,10.36
67,Wanning,CN,2022-02-19 17:23:07,18.8003,110.3967,62.87,89,100,14.63
68,Camacha,PT,2022-02-19 17:23:07,33.0833,-16.3333,57.96,58,75,16.11
69,Yurga,RU,2022-02-19 17:21:10,55.7231,84.8861,-0.92,100,82,5.44
70,Zaria,NG,2022-02-19 17:23:08,11.1113,7.7227,85.23,8,42,11.74
71,Rawson,AR,2022-02-19 17:20:52,-43.3002,-65.1023,74.59,48,5,19.1
72,Mataura,NZ,2022-02-19 17:23:08,-46.1927,168.8643,41.49,95,6,1.74
73,Lompoc,US,2022-02-19 17:22:14,34.6391,-120.4579,70.09,80,0,3.44
74,Hambantota,LK,2022-02-19 17:23:09,6.1241,81.1185,78.13,86,39,9.89
75,Yumen,CN,2022-02-19 17:23:09,40.2833,97.2,18.1,36,0,6.8
76,Klaksvik,FO,2022-02-19 17:23:09,62.2266,-6.589,23.92,55,73,8.55
77,Pontypool,GB,2022-02-19 17:23:10,51.7011,-3.0444,49.46,81,96,19.51
78,Port Elizabeth,ZA,2022-02-19 17:18:12,-33.918,25.5701,78.1,83,0,11.5
79,Ingham,US,2022-02-19 17:23:10,42.6,-84.3833,19.9,61,75,17.27
80,Vardo,NO,2022-02-19 17:23:11,70.3705,31.1107,27.19,69,100,26.37
81,Bandarbeyla,SO,2022-02-19 17:23:11,9.4942,50.8122,75.76,71,0,17.94
82,Arraial Do Cabo,BR,2022-02-19 17:23:12,-22.9661,-42.0278,80.46,74,75,5.75
83,Bluff,NZ,2022-02-19 17:23:12,-46.6,168.3333,41.81,79,24,8.75
84,Vostok,RU,2022-02-19 17:23:13,46.4856,135.8833,-4.81,100,90,2.28
85,Adrar,MR,2022-02-19 17:24:13,20.5022,-10.0711,82.67,15,64,9.35
86,Saint-Philippe,RE,2022-02-19 17:24:14,-21.3585,55.7679,80.19,93,100,22.82
87,Bengkulu,ID,2022-02-19 17:24:14,-3.8004,102.2655,77.25,86,95,3.6
88,Bubaque,GW,2022-02-19 17:19:52,11.2833,-15.8333,78.13,64,40,18.41
89,Bitung,ID,2022-02-19 17:24:15,1.4451,125.1824,76.05,88,100,9.8
90,Tilichiki,RU,2022-02-19 17:24:15,60.4667,166.1,-16.8,94,7,10.78
91,Evensk,RU,2022-02-19 17:24:15,61.95,159.2333,-1.41,70,83,12.41
92,Mahebourg,MU,2022-02-19 17:24:16,-20.4081,57.7,80.26,100,75,18.41
93,Kahului,US,2022-02-19 17:19:41,20.8947,-156.47,73.85,87,20,3.44
94,Havre,FR,2022-02-19 17:24:16,49.5833,0.3333,47.44,81,100,26.46
95,Yar-Sale,RU,2022-02-19 17:24:16,66.8333,70.8333,26.02,94,100,18.54
96,Lewiston,US,2022-02-19 17:21:45,44.1003,-70.2148,32.76,62,88,3.0
97,Saskylakh,RU,2022-02-19 17:24:17,71.9167,114.0833,-25.13,98,19,8.01
98,Severo-Kurilsk,RU,2022-02-19 17:24:17,50.6789,156.125,26.92,77,92,6.13
99,Margate,GB,2022-02-19 17:24:17,51.3813,1.3862,50.11,83,100,11.01
100,Tautira,PF,2022-02-19 17:24:18,-17.7333,-149.15,75.22,75,50,14.0
101,Mar Del Plata,AR,2022-02-19 17:24:18,-38.0023,-57.5575,71.62,92,75,17.0
102,Luganville,VU,2022-02-19 17:24:18,-15.5333,167.1667,79.45,85,89,5.79
103,Inongo,CD,2022-02-19 17:24:19,-1.95,18.2667,76.86,78,100,6.49
104,Khani,GE,2022-02-19 17:24:19,41.9563,42.9566,38.77,93,82,3.15
105,East London,ZA,2022-02-19 17:24:19,-33.0153,27.9116,76.14,83,20,3.44
106,Nalut,LY,2022-02-19 17:24:20,30.3333,10.85,65.61,15,89,10.45
107,Hobbs,US,2022-02-19 17:24:20,32.7026,-103.136,56.19,24,0,13.8
108,Aleksandrovskoye,RU,2022-02-19 17:24:20,44.7142,43.0008,42.94,83,96,9.48
109,Great Yarmouth,GB,2022-02-19 17:24:21,52.6083,1.7305,47.34,76,100,23.87
110,Tera,NE,2022-02-19 17:24:21,14.0078,0.7531,96.53,7,5,11.14
111,Hithadhoo,MV,2022-02-19 17:24:21,-0.6,73.0833,82.29,70,82,8.14
112,Nikolskoye,RU,2022-02-19 17:24:22,59.7035,30.7861,34.88,100,100,0.65
113,Kaitangata,NZ,2022-02-19 17:24:22,-46.2817,169.8464,48.92,91,4,3.89
114,Berdigestyakh,RU,2022-02-19 17:24:23,62.0989,126.6992,-18.33,100,100,2.15
115,Flinders,AU,2022-02-19 17:24:23,-34.5833,150.8552,67.21,82,30,5.99
116,Tezu,IN,2022-02-19 17:24:23,27.9167,96.1667,59.2,64,63,4.27
117,Carnarvon,AU,2022-02-19 17:23:45,-24.8667,113.6333,87.87,58,69,12.66
118,Bay Roberts,CA,2022-02-19 17:24:24,47.5999,-53.2648,30.65,61,40,7.0
119,Norman Wells,CA,2022-02-19 17:22:28,65.282,-126.8329,-16.56,76,75,4.61
120,Kavieng,PG,2022-02-19 17:21:06,-2.5744,150.7967,82.04,80,98,14.34
121,Castro,BR,2022-02-19 17:20:56,-24.7911,-50.0119,78.57,44,4,5.3
122,Hilo,US,2022-02-19 17:19:49,19.7297,-155.09,70.25,85,40,6.91
123,Meulaboh,ID,2022-02-19 17:24:24,4.1363,96.1285,78.82,84,27,3.13
124,Concepcion Del Uruguay,AR,2022-02-19 17:24:25,-32.4825,-58.2372,89.98,44,27,4.0
125,Nanganga,TZ,2022-02-19 17:24:25,-10.3833,39.15,76.17,92,88,1.57
126,Bud,US,2022-02-19 17:24:25,39.447,-86.1758,29.3,54,3,13.98
127,Tocopilla,CL,2022-02-19 17:24:25,-22.092,-70.1979,74.07,69,5,4.05
128,Georgetown,MY,2022-02-19 17:21:59,5.4112,100.3354,83.95,87,20,3.44
129,Itigi,TZ,2022-02-19 17:24:26,-5.7,34.4833,65.82,89,93,2.53
130,El Nispero,HN,2022-02-19 17:25:26,14.7667,-88.3333,81.21,63,77,4.76
131,Opuwo,NA,2022-02-19 17:25:26,-18.0607,13.84,77.61,61,100,9.66
132,Korla,CN,2022-02-19 17:25:27,41.7597,86.1469,26.92,48,2,2.98
133,Paso De Los Toros,UY,2022-02-19 17:25:27,-32.8167,-56.5167,87.12,33,0,7.4
134,Sola,VU,2022-02-19 17:25:27,-13.8833,167.55,82.0,73,100,9.33
135,Xining,CN,2022-02-19 17:25:28,36.6167,101.7667,11.79,88,29,0.34
136,Puerto Del Rosario,ES,2022-02-19 17:25:28,28.5004,-13.8627,67.75,73,40,14.97
137,Wasilla,US,2022-02-19 17:24:09,61.5814,-149.4394,33.37,88,100,6.91
138,Pedregulho,BR,2022-02-19 17:25:28,-20.2569,-47.4767,70.79,75,98,4.65
139,Kudahuvadhoo,MV,2022-02-19 17:25:29,2.6708,72.8944,82.56,68,98,12.21
140,Esperance,AU,2022-02-19 17:25:29,-33.8667,121.9,67.84,85,99,15.43
141,Khrebtovaya,RU,2022-02-19 17:25:29,56.7032,104.2494,-0.71,99,99,2.24
142,Flin Flon,CA,2022-02-19 17:25:30,54.7682,-101.865,-4.16,71,100,8.05
143,Innisfail,AU,2022-02-19 17:25:30,-17.5333,146.0333,77.67,86,85,5.57
144,Fukue,JP,2022-02-19 17:25:30,32.6881,128.8419,44.6,66,47,34.65
145,Lethem,GY,2022-02-19 17:25:31,3.3803,-59.7968,96.08,31,52,11.56
146,Waipawa,NZ,2022-02-19 17:25:31,-41.4122,175.5153,55.45,96,100,10.87
147,Karratha,AU,2022-02-19 17:25:31,-20.7377,116.8463,90.46,50,43,8.63
148,Nicoya,CR,2022-02-19 17:25:32,10.1483,-85.452,87.35,34,5,14.5
149,Iskateley,RU,2022-02-19 17:25:32,67.6803,53.1512,27.63,89,100,20.36
150,Cayenne,GF,2022-02-19 17:25:32,4.9333,-52.3333,81.09,82,75,9.22
151,Pevek,RU,2022-02-19 17:25:33,69.7008,170.3133,-36.24,99,44,4.88
152,Salalah,OM,2022-02-19 17:25:03,17.0151,54.0924,75.29,69,40,3.44
153,The Valley,AI,2022-02-19 17:25:33,18.217,-63.0578,82.26,65,40,13.8
154,Chitipa,MW,2022-02-19 17:25:34,-9.7024,33.2697,63.57,95,100,2.15
155,Tarauaca,BR,2022-02-19 17:25:34,-8.1614,-70.7656,83.1,78,85,3.04
156,Braganca,BR,2022-02-19 17:25:35,-1.0536,-46.7656,87.93,54,41,6.35
157,Gorin,RU,2022-02-19 17:25:35,51.1983,136.6669,-0.49,99,100,2.57
158,Camalu,MX,2022-02-19 17:25:36,30.85,-116.0667,62.42,31,2,3.49
159,Vigrestad,NO,2022-02-19 17:25:36,58.5667,5.7,33.96,94,100,9.42
160,Cody,US,2022-02-19 17:25:36,44.5263,-109.0565,44.82,33,0,8.05
161,Saint-Augustin,CA,2022-02-19 17:22:18,51.226,-58.6502,7.48,73,46,6.4
162,Dumai,ID,2022-02-19 17:25:37,1.6833,101.45,75.47,88,74,1.59
163,Zhigansk,RU,2022-02-19 17:25:37,66.7697,123.3711,-38.25,100,43,4.56
164,Okhotsk,RU,2022-02-19 17:25:37,59.3833,143.3,-5.06,85,96,8.41
165,Marawi,PH,2022-02-19 17:25:38,7.9986,124.2928,65.64,92,99,1.61
166,Blagoyevo,RU,2022-02-19 17:25:38,63.3667,47.9167,28.81,93,100,12.24
167,Caravelas,BR,2022-02-19 17:25:38,-17.7125,-39.2481,86.74,52,61,11.41
168,Raghunathpur,IN,2022-02-19 17:25:38,23.55,86.6667,56.44,28,12,0.65
169,Kropotkin,RU,2022-02-19 17:25:16,45.4375,40.5756,39.02,94,53,7.9
170,Tondano,ID,2022-02-19 17:25:39,1.3038,124.9112,68.09,96,100,3.6
171,Saint Anthony,US,2022-02-19 17:25:40,45.0205,-93.218,11.28,58,75,10.36
172,Ahuimanu,US,2022-02-19 17:25:40,21.4447,-157.8378,67.78,92,20,5.75
173,Hami,CN,2022-02-19 17:25:40,42.8,93.45,24.12,32,0,5.28
174,Faya,SA,2022-02-19 17:25:40,18.3851,42.4509,60.91,78,20,6.29
175,Hofn,IS,2022-02-19 17:22:26,64.2539,-15.2082,25.86,60,57,12.59
176,Henties Bay,NA,2022-02-19 17:25:41,-22.116,14.2845,68.86,87,77,9.89
177,Qaqortoq,GL,2022-02-19 17:26:41,60.7167,-46.0333,14.5,71,100,7.11
178,Duvan,RU,2022-02-19 17:26:42,55.695,57.9024,19.02,86,52,9.06
179,Port Alfred,ZA,2022-02-19 17:26:42,-33.5906,26.891,78.66,73,1,1.66
180,Brandon,US,2022-02-19 17:23:26,27.9378,-82.2859,75.52,74,100,11.99
181,Catabola,AO,2022-02-19 17:26:43,-12.15,17.2833,65.59,91,70,4.56
182,Neuquen,AR,2022-02-19 17:26:43,-38.9516,-68.0591,84.09,26,0,9.22
183,Acapulco,MX,2022-02-19 17:23:26,16.8634,-99.8901,87.62,51,0,0.0
184,Hualmay,PE,2022-02-19 17:26:44,-11.0964,-77.6139,77.11,69,95,8.68
185,Domoni,KM,2022-02-19 17:26:44,-12.2569,44.5319,81.43,78,97,2.21
186,Havre-Saint-Pierre,CA,2022-02-19 17:26:44,50.2334,-63.5986,7.39,60,75,5.75
187,Yellowknife,CA,2022-02-19 17:26:44,62.456,-114.3525,-21.59,78,75,5.75
188,La Ronge,CA,2022-02-19 17:26:45,55.1001,-105.2842,-0.15,85,100,8.05
189,Ladushkin,RU,2022-02-19 17:26:45,54.5703,20.171,37.76,82,99,23.0
190,San Andres,CO,2022-02-19 17:24:12,12.5847,-81.7006,84.22,70,20,13.8
191,Lagoa,PT,2022-02-19 17:26:45,39.05,-27.9833,53.55,55,65,3.0
192,Alta,NO,2022-02-19 17:26:46,69.9689,23.2717,20.19,79,0,3.44
193,Urumqi,CN,2022-02-19 17:22:02,43.801,87.6005,2.35,85,0,2.24
194,Barrow,US,2022-02-19 17:26:46,71.2906,-156.7887,-25.58,68,0,10.36
195,Buraydah,SA,2022-02-19 17:26:46,26.326,43.975,75.65,28,74,27.42
196,Bethel,US,2022-02-19 17:26:47,41.3712,-73.414,38.48,59,100,14.97
197,Leningradskiy,RU,2022-02-19 17:26:47,69.3833,178.4167,-29.83,97,81,4.52
198,Chumikan,RU,2022-02-19 17:26:47,54.7183,135.315,2.48,85,100,2.26
199,Bathsheba,BB,2022-02-19 17:26:48,13.2167,-59.5167,84.81,58,40,20.71
200,Murray Bridge,AU,2022-02-19 17:26:48,-35.1167,139.2667,59.43,79,78,5.44
201,Wamba,NG,2022-02-19 17:26:49,8.9333,8.6,93.61,8,88,5.82
202,Bressanone,IT,2022-02-19 17:26:49,46.715,11.656,47.97,88,100,3.67
203,Mehamn,NO,2022-02-19 17:26:49,71.0357,27.8492,25.79,71,100,19.62
204,Dikson,RU,2022-02-19 17:26:50,73.5069,80.5464,12.52,92,100,15.32
205,Kodiak,US,2022-02-19 17:26:50,57.79,-152.4072,38.71,60,0,11.5
206,Dzilam Gonzalez,MX,2022-02-19 17:26:50,21.2833,-88.9333,85.62,55,5,5.35
207,Kishi,NG,2022-02-19 17:26:51,9.0833,3.85,96.12,9,65,6.22
208,Aswan,EG,2022-02-19 17:26:51,24.0934,32.907,67.3,30,0,16.11
209,Saint-Louis,SN,2022-02-19 17:26:51,16.3333,-15.0,92.84,9,1,8.75
210,Beira,MZ,2022-02-19 17:26:51,-19.8436,34.8389,82.49,74,40,13.8
211,Kamina,CD,2022-02-19 17:26:52,-8.7386,24.9906,64.63,92,72,3.94
212,Port Macquarie,AU,2022-02-19 17:26:52,-31.4333,152.9167,64.89,87,51,5.35
213,Rudnogorsk,RU,2022-02-19 17:26:53,57.2639,103.7519,2.17,98,100,1.45
214,Santa Cruz,BO,2022-02-19 17:26:53,-17.8,-63.1667,89.65,58,75,10.36
215,Te Anau,NZ,2022-02-19 17:26:53,-45.4167,167.7167,42.12,94,11,1.19
216,Aksarka,RU,2022-02-19 17:26:54,66.5606,67.7975,28.4,95,100,16.8
217,Honiara,SB,2022-02-19 17:26:54,-9.4333,159.95,78.21,88,54,1.74
218,Bambanglipuro,ID,2022-02-19 17:26:54,-7.95,110.2833,61.61,86,96,8.03
219,Puerto El Triunfo,SV,2022-02-19 17:27:55,13.2833,-88.55,96.96,38,12,1.1
220,Pomi,RO,2022-02-19 17:27:55,47.7,23.3167,47.62,81,75,3.44
221,Sembe,CG,2022-02-19 17:27:55,1.6481,14.5806,80.85,57,98,3.71
222,Beloha,MG,2022-02-19 17:27:56,-25.1667,45.05,74.5,77,0,18.95
223,Grindavik,IS,2022-02-19 17:27:56,63.8424,-22.4338,30.67,74,100,36.82
224,Tiksi,RU,2022-02-19 17:27:32,71.6872,128.8694,-25.06,99,68,6.49
225,Penzance,GB,2022-02-19 17:27:56,50.1186,-5.5371,51.01,83,100,25.64
226,Ifanadiana,MG,2022-02-19 17:27:57,-21.3,47.6333,68.86,96,89,2.15
227,Kudat,MY,2022-02-19 17:27:57,6.8837,116.8477,80.53,89,20,2.3
228,Sao Gabriel Da Cachoeira,BR,2022-02-19 17:27:57,-0.1303,-67.0892,87.6,70,40,5.75
229,Ialibu,PG,2022-02-19 17:27:58,-6.2821,143.9935,58.21,99,100,1.77
230,Kununurra,AU,2022-02-19 17:27:58,-15.7667,128.7333,78.78,89,32,0.0
231,Avera,US,2022-02-19 17:27:58,33.194,-82.5271,55.94,42,1,8.7
232,Magan,ES,2022-02-19 17:27:59,39.9683,-3.931,57.02,61,100,13.53
233,Thompson,CA,2022-02-19 17:25:56,55.7435,-97.8558,-14.64,70,100,3.44
234,Provideniya,RU,2022-02-19 17:27:59,64.3833,-173.3,-14.48,92,20,5.48
235,Padang,ID,2022-02-19 17:27:59,-0.9492,100.3543,78.78,81,65,3.09
236,Touros,BR,2022-02-19 17:28:00,-5.1989,-35.4608,88.7,64,87,11.07
237,Ntungamo,UG,2022-02-19 17:28:00,-0.8833,29.65,73.11,57,96,3.53
238,Mackay,AU,2022-02-19 17:27:47,-21.15,149.2,78.78,78,40,16.11
239,Ponta Do Sol,PT,2022-02-19 17:28:01,32.6667,-17.1,61.43,60,51,11.65
240,Pisco,PE,2022-02-19 17:27:29,-13.7,-76.2167,75.25,69,0,8.05
241,Zhezkazgan,KZ,2022-02-19 17:28:01,47.8043,67.7144,2.16,93,5,5.48
242,Palmer,US,2022-02-19 17:27:53,42.1584,-72.3287,38.75,52,100,17.27
243,Laguna,US,2022-02-19 17:28:02,38.421,-121.4238,63.23,67,0,5.75
244,San Nicolas,PH,2022-02-19 17:28:02,18.1725,120.5953,76.5,84,100,7.18
245,Manta,EC,2022-02-19 17:28:03,-0.95,-80.7333,82.18,74,75,5.75
246,Talnakh,RU,2022-02-19 17:28:03,69.4865,88.3972,20.21,94,100,16.24
247,Naraina,IN,2022-02-19 17:28:03,26.7833,75.2,64.54,22,0,9.28
248,Coahuayana,MX,2022-02-19 17:28:04,18.7333,-103.6833,89.08,50,14,3.91
249,Kasongo-Lunda,CD,2022-02-19 17:28:04,-6.4667,16.8167,72.66,95,95,1.01
250,Solikamsk,RU,2022-02-19 17:28:04,59.6196,56.7729,25.63,93,100,12.77
251,Bassano,CA,2022-02-19 17:28:05,50.7834,-112.4685,46.63,63,81,11.43
252,Coquimbo,CL,2022-02-19 17:28:05,-29.9533,-71.3436,69.53,68,0,14.97
253,Beyneu,KZ,2022-02-19 17:28:05,45.3167,55.2,38.75,72,0,9.48
254,Rudnaya Pristan,RU,2022-02-19 17:28:06,44.3614,135.8116,16.12,77,82,8.14
255,Sibu,MY,2022-02-19 17:24:13,2.3,111.8167,75.51,100,40,2.3
256,Port Lincoln,AU,2022-02-19 17:27:27,-34.7333,135.8667,60.01,75,100,8.43
257,Kunyang,CN,2022-02-19 17:28:06,27.6658,120.5658,39.72,79,100,7.96
258,Luanda,AO,2022-02-19 17:28:06,-8.8368,13.2343,80.6,83,40,6.91
259,Yeppoon,AU,2022-02-19 17:28:07,-23.1333,150.7333,74.98,72,56,14.52
260,Huarmey,PE,2022-02-19 17:28:07,-10.0681,-78.1522,77.38,69,38,8.61
261,Rennes,FR,2022-02-19 17:27:48,48.1667,-1.6667,48.58,76,100,19.57
262,Tuktoyaktuk,CA,2022-02-19 17:28:08,69.4541,-133.0374,-25.6,75,75,4.61
263,Yaan,NG,2022-02-19 17:28:08,7.3833,8.5667,97.02,7,95,5.44
264,Necochea,AR,2022-02-19 17:29:08,-38.5473,-58.7368,80.04,45,4,13.11
265,Boras,SE,2022-02-19 17:29:09,57.721,12.9401,37.54,92,76,8.72
266,Ancud,CL,2022-02-19 17:29:09,-41.8697,-73.8203,61.43,92,95,11.12
267,Narsaq,GL,2022-02-19 17:29:09,60.9167,-46.05,14.22,72,100,4.38
268,Nioro,GM,2022-02-19 17:29:10,13.35,-15.75,99.82,8,25,7.14
269,Chandvad,IN,2022-02-19 17:29:10,20.3333,74.25,70.48,41,5,5.21
270,Gao,ML,2022-02-19 17:29:11,16.6362,1.637,91.47,7,10,10.09
271,Naze,JP,2022-02-19 17:29:11,28.3667,129.4833,54.73,77,93,24.99
272,Cap Malheureux,MU,2022-02-19 17:29:12,-19.9842,57.6142,80.47,87,100,17.0
273,Merauke,ID,2022-02-19 17:29:12,-8.4667,140.3333,80.31,81,100,2.28
274,Skelmersdale,GB,2022-02-19 17:29:12,53.5502,-2.7735,39.4,89,95,3.0
275,Vieux-Habitants,GP,2022-02-19 17:29:13,16.0589,-61.7659,83.71,65,54,11.32
276,Najran,SA,2022-02-19 17:28:54,17.4924,44.1277,83.05,41,7,6.02
277,Santa Rosa,PH,2022-02-19 17:29:14,14.3122,121.1114,81.1,76,100,7.92
278,Le Port,RE,2022-02-19 17:29:14,-20.9373,55.2919,80.6,80,100,10.0
279,Anderson,US,2022-02-19 17:29:15,34.5334,-82.6499,56.44,30,0,8.05
280,Carman,CA,2022-02-19 17:26:36,49.4992,-98.0016,7.14,72,99,16.11
281,Codrington,AU,2022-02-19 17:29:15,-38.2667,141.9667,52.65,87,92,3.67
282,Mago,RU,2022-02-19 17:29:16,53.2514,140.1822,4.69,97,100,2.62
283,Charters Towers,AU,2022-02-19 17:29:16,-20.1,146.2667,71.87,85,0,6.78
284,Saint-Francois,FR,2022-02-19 17:29:17,46.4154,3.9054,45.84,53,0,4.61
285,Rosarito,MX,2022-02-19 17:29:17,32.3333,-117.0333,70.41,31,0,2.28
286,Jaisalmer,IN,2022-02-19 17:29:17,26.9147,70.9181,72.64,20,0,6.02
287,Asau,RO,2022-02-19 17:29:18,46.4333,26.4,45.52,70,40,7.63
288,Jamame,SO,2022-02-19 17:27:22,0.0722,42.7506,77.09,84,75,11.74
289,Khorramshahr,IR,2022-02-19 17:29:18,30.4397,48.1664,73.35,46,100,16.11
290,Bose,IT,2022-02-19 17:29:19,45.4612,8.0137,51.39,81,100,2.73
291,Upernavik,GL,2022-02-19 17:29:19,72.7868,-56.1549,-5.53,76,95,6.58
292,Chipinge,ZW,2022-02-19 17:29:19,-20.1883,32.6236,66.15,75,47,3.2
293,Mount Isa,AU,2022-02-19 17:29:20,-20.7333,139.5,82.17,30,6,8.05
294,Geraldton,AU,2022-02-19 17:26:07,-28.7667,114.6,73.81,73,9,8.05
295,Baruun-Urt,MN,2022-02-19 17:29:20,46.6806,113.2792,-9.27,92,73,4.83
296,Skibbereen,IE,2022-02-19 17:27:09,51.55,-9.2667,53.11,90,95,19.84
297,Kaoma,ZM,2022-02-19 17:29:20,-14.7833,24.8,67.46,96,93,4.79
298,Hasaki,JP,2022-02-19 17:29:21,35.7333,140.8333,43.29,82,100,36.28
299,Vila Velha,BR,2022-02-19 17:29:21,-20.3297,-40.2925,89.55,64,75,14.0
300,Atlantis,ZA,2022-02-19 17:29:22,-33.5667,18.4834,70.95,86,20,11.43
301,Burnie,AU,2022-02-19 17:29:22,-41.0667,145.9167,52.92,86,97,5.91
302,Mareeba,AU,2022-02-19 17:29:22,-17.0,145.4333,74.12,92,26,2.1
303,Port Hawkesbury,CA,2022-02-19 17:29:23,45.6169,-61.3485,27.81,70,100,3.0
304,Estevan,CA,2022-02-19 17:29:23,49.1334,-102.9842,30.54,80,100,15.82
305,Neiafu,TO,2022-02-19 17:29:23,-18.65,-173.9833,81.19,74,24,9.8
306,Mogadishu,SO,2022-02-19 17:29:24,2.0371,45.3438,77.52,80,82,19.89
307,Qobustan,AZ,2022-02-19 17:30:25,40.0824,49.412,42.91,80,15,11.12
308,Sao Joao Da Barra,BR,2022-02-19 17:26:07,-21.6403,-41.0511,80.69,86,93,8.1
309,San Cristobal,VE,2022-02-19 17:30:25,7.7669,-72.225,71.78,49,82,0.89
310,Yichun,CN,2022-02-19 17:30:25,47.7,128.9,-9.65,100,98,2.08
311,Swan River,CA,2022-02-19 17:30:26,52.1058,-101.2676,-2.31,84,100,3.44
312,Tula,RU,2022-02-19 17:30:26,54.2044,37.6111,35.06,94,100,18.79
313,Yetkul,RU,2022-02-19 17:30:26,54.8221,61.588,3.18,84,4,10.25
314,Goderich,CA,2022-02-19 17:30:27,43.7501,-81.7165,18.91,79,100,26.46
315,Iseyin,NG,2022-02-19 17:30:27,7.9667,3.6,92.93,14,33,2.28
316,Mount Gambier,AU,2022-02-19 17:30:27,-37.8333,140.7667,46.31,87,100,5.75
317,Esna,EG,2022-02-19 17:30:28,25.2934,32.554,64.42,34,0,13.35
318,Nome,US,2022-02-19 17:30:28,64.5011,-165.4064,-12.93,77,0,4.61
319,Primorsk,UA,2022-02-19 17:30:28,46.7348,36.3443,42.39,77,77,16.31
320,Kungalv,SE,2022-02-19 17:30:29,57.871,11.9805,39.11,94,75,9.69
321,Mpika,ZM,2022-02-19 17:30:29,-11.8343,31.4529,61.95,98,100,7.16
322,Soddy-Daisy,US,2022-02-19 17:30:29,35.2359,-85.1908,50.23,50,0,9.15
323,Yuancheng,CN,2022-02-19 17:30:30,36.652,107.7896,13.39,34,0,2.82
324,Kruisfontein,ZA,2022-02-19 17:26:10,-34.0033,24.7314,74.88,67,5,13.35
325,Aklavik,CA,2022-02-19 17:30:30,68.2191,-135.0107,-16.6,76,75,8.05
326,Libertador General San Martin,AR,2022-02-19 17:30:30,-23.8064,-64.7876,91.98,38,15,6.55
327,Horconcitos,PA,2022-02-19 17:30:31,8.4682,-81.8007,80.76,46,24,7.83
328,Maceio,BR,2022-02-19 17:27:08,-9.6658,-35.7353,90.84,51,40,19.57
329,Bucerias,MX,2022-02-19 17:30:31,20.75,-105.3333,75.18,73,0,0.0
330,Dengzhou,CN,2022-02-19 17:30:32,37.8086,120.7508,28.45,43,56,22.08
331,San Patricio,US,2022-02-19 17:30:32,28.017,-97.5169,59.94,35,80,9.13
332,Rudnya,RU,2022-02-19 17:30:33,54.947,31.0934,34.43,98,98,23.26
333,Isoka,ZM,2022-02-19 17:30:34,-10.1606,32.6335,62.69,95,100,2.33
334,Luderitz,NA,2022-02-19 17:30:34,-26.6481,15.1594,70.97,65,0,19.3
335,Dutlwe,BW,2022-02-19 17:30:34,-23.9833,23.9,78.51,41,59,7.29
336,Aykhal,RU,2022-02-19 17:26:13,66.0,111.5,-15.95,100,96,10.83
337,Kurilsk,RU,2022-02-19 17:30:35,45.2333,147.8833,25.07,69,88,6.31
338,Dulce Nombre De Culmi,HN,2022-02-19 17:30:35,15.1,-85.5333,89.83,38,27,6.76
339,Ostrovnoy,RU,2022-02-19 17:30:35,68.0531,39.5131,21.74,90,100,17.13
340,Samarai,PG,2022-02-19 17:30:36,-10.6167,150.6667,81.27,80,73,7.0
341,Sao Filipe,CV,2022-02-19 17:30:36,14.8961,-24.4956,72.59,60,55,14.36
342,Khandyga,RU,2022-02-19 17:30:36,62.6667,135.6,-39.71,100,92,0.6
343,Cabanas,CU,2022-02-19 17:30:37,22.9758,-82.9219,84.67,66,7,12.3
344,Nemuro,JP,2022-02-19 17:30:37,43.3236,145.575,30.51,97,100,18.88
345,Baracoa,CU,2022-02-19 17:30:37,20.3467,-74.4958,80.94,67,64,10.02
346,Cockburn Town,TC,2022-02-19 17:29:40,21.4612,-71.1419,80.56,65,40,17.27
347,Hobyo,SO,2022-02-19 17:30:38,5.3505,48.5268,77.47,72,39,17.36
348,San Jose De Guanipa,VE,2022-02-19 17:30:38,8.8872,-64.1651,91.94,27,85,9.42
349,Pahrump,US,2022-02-19 17:30:38,36.2083,-115.9839,59.31,22,0,1.01
350,Sorland,NO,2022-02-19 17:30:39,67.667,12.6934,28.47,87,100,12.44
351,Grenada,ES,2022-02-19 17:28:05,37.1882,-3.6067,58.91,64,20,12.66
352,Saint-Georges,GD,2022-02-19 17:30:39,12.0564,-61.7485,85.68,58,40,23.02
353,Romny,UA,2022-02-19 17:30:39,50.751,33.4747,39.25,78,100,16.11
354,Faanui,PF,2022-02-19 17:31:40,-16.4833,-151.75,81.1,72,99,16.96
355,Nanortalik,GL,2022-02-19 17:31:40,60.1432,-45.2371,18.73,67,100,32.48
356,Muros,ES,2022-02-19 17:31:41,42.7762,-9.0603,54.86,70,51,3.29
357,Minab,IR,2022-02-19 17:31:41,27.1467,57.0801,68.32,64,0,2.3
358,Lokosovo,RU,2022-02-19 17:31:42,61.1333,74.8167,23.41,83,71,13.09
359,Eureka,US,2022-02-19 17:31:42,40.8021,-124.1637,43.41,77,0,11.21
360,Abalak,RU,2022-02-19 17:31:42,58.1286,68.5944,16.0,82,6,8.93
361,Lazaro Cardenas,MX,2022-02-19 17:30:02,17.9583,-102.2,87.13,47,6,8.12
362,Fossombrone,IT,2022-02-19 17:31:43,43.6908,12.8127,58.06,83,100,3.31
363,Westport,US,2022-02-19 17:28:51,41.1415,-73.3579,39.88,50,100,17.27
364,Fortuna,US,2022-02-19 17:31:43,40.5982,-124.1573,43.14,100,100,5.75
365,Ranapur,IN,2022-02-19 17:31:44,22.65,74.5333,73.26,34,1,3.56
366,Kattivakkam,IN,2022-02-19 17:31:44,13.2167,80.3167,81.07,78,46,6.29
367,Kilinochchi,LK,2022-02-19 17:31:44,9.3961,80.3982,76.71,81,82,8.61
368,Fasa,IR,2022-02-19 17:31:45,28.9383,53.6482,56.44,47,0,0.0
369,Ban Nahin,LA,2022-02-19 17:31:45,18.2418,104.2122,65.39,94,95,5.14
370,Mangan,IN,2022-02-19 17:31:45,27.5167,88.5333,51.08,89,100,3.89
371,Kalemie,CD,2022-02-19 17:31:46,-5.9475,29.1947,69.48,87,98,7.43
372,Namibe,AO,2022-02-19 17:31:46,-15.1961,12.1522,77.34,80,66,11.97
373,Ryotsu,JP,2022-02-19 17:31:46,38.0833,138.4333,39.11,98,100,7.87
374,Zurrieq,MT,2022-02-19 17:31:47,35.8311,14.4742,58.96,94,20,9.22
375,Mitsamiouli,KM,2022-02-19 17:31:47,-11.3847,43.2844,84.49,74,20,9.22
376,Sevilla,ES,2022-02-19 17:31:17,37.3824,-5.9761,66.87,52,0,9.22
377,Poum,NC,2022-02-19 17:31:47,-20.2333,164.0167,80.04,79,100,10.04
378,Qena,EG,2022-02-19 17:31:48,26.1615,32.7183,64.51,37,3,15.14
379,Coihaique,CL,2022-02-19 17:31:48,-45.5752,-72.0662,71.55,40,75,4.61
380,Abu Samrah,SY,2022-02-19 17:31:48,35.3029,37.1841,52.45,57,51,7.07
381,Urusha,RU,2022-02-19 17:31:49,54.05,122.9,-14.89,96,86,3.53
382,Manzhouli,CN,2022-02-19 17:31:49,49.6,117.4333,-16.56,97,30,5.84
383,Bam,IR,2022-02-19 17:31:49,29.106,58.357,62.53,32,0,0.4
384,Ust-Nera,RU,2022-02-19 17:31:50,64.5667,143.2,-31.88,94,25,1.92
385,Elko,US,2022-02-19 17:31:50,41.0002,-115.5012,38.05,71,5,1.99
386,Wewak,PG,2022-02-19 17:31:50,-3.5534,143.6268,77.76,89,100,5.82
387,Chimore,BO,2022-02-19 17:31:51,-16.9833,-65.1333,86.47,64,28,4.23
388,Kidal,ML,2022-02-19 17:31:51,18.4411,1.4078,83.46,9,80,9.75
389,Kosa,RU,2022-02-19 17:31:51,59.9445,54.9977,25.61,92,98,11.36
390,Inirida,CO,2022-02-19 17:31:52,3.8653,-67.9239,92.5,45,90,3.24
391,Alofi,NU,2022-02-19 17:27:26,-19.0595,-169.9187,71.49,94,16,0.0
392,Phan Thiet,VN,2022-02-19 17:31:52,10.9333,108.1,74.91,91,100,6.17
393,Yichang,CN,2022-02-19 17:31:53,30.7144,111.2847,38.23,68,72,0.43
394,Haines Junction,CA,2022-02-19 17:31:53,60.7522,-137.5108,22.95,86,100,1.14
395,Nova Russas,BR,2022-02-19 17:31:54,-4.7067,-40.5631,86.43,50,96,7.0
396,Pacific Grove,US,2022-02-19 17:31:54,36.6177,-121.9166,64.31,63,0,4.61
397,Buala,SB,2022-02-19 17:31:54,-8.145,159.5921,79.74,80,92,4.23
398,Tarakan,ID,2022-02-19 17:31:55,3.3,117.6333,74.77,91,100,9.57
399,Ilulissat,GL,2022-02-19 17:32:34,69.2167,-51.1,10.42,85,75,6.91
400,Uribia,CO,2022-02-19 17:32:55,11.7139,-72.266,90.82,34,7,18.66
401,Baraboo,US,2022-02-19 17:32:55,43.4711,-89.7443,15.03,58,0,6.91
402,Marzuq,YE,2022-02-19 17:32:56,14.4,46.4667,65.41,63,0,7.76
403,Nuevo Ideal,MX,2022-02-19 17:32:56,24.8875,-105.0728,63.84,25,91,5.19
404,Perth,AU,2022-02-19 17:30:53,-31.9333,115.8333,81.09,33,0,12.66
405,Tuatapere,NZ,2022-02-19 17:32:57,-46.1333,167.6833,41.83,90,10,3.58
406,The Pas,CA,2022-02-19 17:32:57,53.8251,-101.2541,-3.98,77,100,9.22
407,Iqaluit,CA,2022-02-19 17:32:57,63.7506,-68.5145,-31.27,75,20,0.0
408,Riyadh,SA,2022-02-19 17:28:20,24.6877,46.7219,77.14,17,2,16.91
409,Clyde River,CA,2022-02-19 17:32:58,70.4692,-68.5914,-9.17,77,100,31.07
410,Nouakchott,MR,2022-02-19 17:32:58,18.0858,-15.9785,82.33,45,0,16.37
411,Namatanai,PG,2022-02-19 17:32:58,-3.6667,152.4333,79.5,83,88,7.67
412,Wajima,JP,2022-02-19 17:32:51,37.4,136.9,40.91,83,100,14.45
413,Tselinnoye,RU,2022-02-19 17:32:59,53.0833,85.6667,-4.11,100,45,4.7
414,Chabahar,IR,2022-02-19 17:32:59,25.2919,60.643,72.16,61,0,5.32
415,Varhaug,NO,2022-02-19 17:32:59,58.6147,5.6457,33.85,89,99,11.54
416,Aranos,NA,2022-02-19 17:33:00,-24.1333,19.1167,81.81,41,50,6.87
417,Bonthe,SL,2022-02-19 17:33:00,7.5264,-12.505,83.16,64,12,13.09
418,Spearfish,US,2022-02-19 17:28:46,44.4908,-103.8594,52.66,42,0,8.05
419,Ahipara,NZ,2022-02-19 17:28:58,-35.1667,173.1667,62.76,93,8,3.65
420,Nhulunbuy,AU,2022-02-19 17:33:01,-12.2333,136.7667,79.41,94,87,0.0
421,Jasper,US,2022-02-19 17:31:05,37.2001,-94.3502,45.27,38,0,9.22
422,Rio Gallegos,AR,2022-02-19 17:31:04,-51.6226,-69.2181,50.05,71,75,16.11
423,Batemans Bay,AU,2022-02-19 17:33:01,-35.7167,150.1833,64.9,91,3,4.7
424,Turukhansk,RU,2022-02-19 17:33:02,65.8167,87.9833,21.02,95,100,16.15
425,Tiko,CM,2022-02-19 17:33:02,4.0745,9.3699,84.04,75,80,8.93
426,Taungdwingyi,MM,2022-02-19 17:33:02,20.0167,95.55,66.69,33,87,5.73
427,Alpena,US,2022-02-19 17:33:03,45.0617,-83.4327,19.54,62,75,19.57
428,Sisophon,KH,2022-02-19 17:33:03,13.5859,102.9737,80.44,72,60,6.2
429,Ous,RU,2022-02-19 17:33:03,60.9058,61.5186,28.42,84,100,12.68
430,Mana,GF,2022-02-19 17:33:04,5.6592,-53.7767,77.77,86,90,7.18
431,Saint-Gaudens,FR,2022-02-19 17:33:04,43.0833,0.6667,46.62,92,88,4.45
432,Fort Nelson,CA,2022-02-19 17:33:04,58.8053,-122.7002,-4.41,71,75,11.5
433,Isangel,VU,2022-02-19 17:33:05,-19.55,169.2667,78.67,87,96,5.53
434,Epe,NG,2022-02-19 17:33:06,6.5841,3.9834,82.13,77,77,9.75
435,Kaitong,CN,2022-02-19 17:33:06,44.8135,123.15,-8.07,92,31,6.24
436,Stornoway,GB,2022-02-19 17:33:06,58.2093,-6.3865,39.16,87,75,24.16
437,Manzanillo,CU,2022-02-19 17:33:07,20.3433,-77.1167,90.86,35,7,9.86
438,Inuvik,CA,2022-02-19 17:33:07,68.3499,-133.7218,-16.56,69,75,3.44
439,Chicama,PE,2022-02-19 17:33:07,-7.8447,-79.1469,70.34,52,83,10.63
440,Orocue,CO,2022-02-19 17:33:08,4.7912,-71.3354,96.49,27,29,12.57
441,Pathalgaon,IN,2022-02-19 17:33:08,22.5667,83.4667,67.53,36,42,3.53
442,Mazatlan,MX,2022-02-19 17:29:47,23.2167,-106.4167,74.91,67,75,1.01
443,San Policarpo,PH,2022-02-19 17:33:09,12.1791,125.5072,79.39,84,100,8.88
444,Guatire,VE,2022-02-19 17:33:09,10.4762,-66.5427,87.21,53,14,7.74
445,Nushki,PK,2022-02-19 17:34:09,29.5542,66.0215,59.04,33,0,4.05
446,Dunedin,NZ,2022-02-19 17:34:10,-45.8742,170.5036,51.8,80,1,3.0
447,La Primavera,CO,2022-02-19 17:34:10,5.4906,-70.4092,96.31,28,50,10.92
448,San Isidro,PE,2022-02-19 17:34:10,-12.1167,-77.05,76.59,72,0,6.91
449,Esmeralda,CU,2022-02-19 17:34:11,21.8525,-78.1169,85.24,43,50,11.36
450,Sorrento,IT,2022-02-19 17:32:52,40.626,14.3744,55.53,94,40,0.0
451,Waingapu,ID,2022-02-19 17:34:11,-9.6567,120.2641,78.64,84,100,4.09
452,Sydney Mines,CA,2022-02-19 17:34:12,46.2367,-60.2177,29.5,63,75,7.0
453,Bangangte,CM,2022-02-19 17:34:12,5.1409,10.5198,69.15,66,91,5.73
454,Strezhevoy,RU,2022-02-19 17:30:20,60.7333,77.5889,21.18,91,21,8.14
455,Hakkari,TR,2022-02-19 17:31:02,37.5833,44.1667,25.48,92,99,5.59
456,Nuuk,GL,2022-02-19 17:34:13,64.1835,-51.7216,9.21,61,75,14.97
457,Mingaora,PK,2022-02-19 17:34:14,34.7758,72.3625,47.23,42,2,6.67
458,Kavaratti,IN,2022-02-19 17:34:15,10.5669,72.642,81.07,72,1,5.41
459,Soyo,AO,2022-02-19 17:34:15,-6.1349,12.3689,80.98,78,93,6.4
460,Chippewa Falls,US,2022-02-19 17:34:15,44.9369,-91.3929,8.78,60,0,8.05
461,Vagur,FO,2022-02-19 17:34:16,61.4732,-6.8119,37.4,58,88,10.49
462,Papara,BR,2022-02-19 17:34:16,-3.9839,-38.7273,84.6,74,99,6.02
463,Serebryansk,KZ,2022-02-19 17:34:17,49.6925,83.2892,-6.25,91,46,3.74
464,Borogontsy,RU,2022-02-19 17:34:17,62.6683,131.1683,-33.68,100,100,0.27
465,Zhanaozen,KZ,2022-02-19 17:34:18,43.3,52.8,42.51,42,8,9.55
466,Baykit,RU,2022-02-19 17:34:18,61.67,96.37,9.93,98,100,2.51
467,Tongliao,CN,2022-02-19 17:34:18,43.6125,122.2653,-6.27,87,16,6.67
468,San Rafael,AR,2022-02-19 17:30:35,-34.6177,-68.3301,84.83,22,0,12.59
469,Port Hardy,CA,2022-02-19 17:32:56,50.6996,-127.4199,43.75,93,75,6.91
470,Mangai,CD,2022-02-19 17:34:19,-4.05,19.5333,68.85,97,100,1.19
471,Ongandjera,NA,2022-02-19 17:34:19,-17.8833,15.0667,82.49,46,93,6.49
472,Santa Isabel Do Rio Negro,BR,2022-02-19 17:34:20,-0.4139,-65.0192,85.5,70,81,3.87
473,Koutsouras,GR,2022-02-19 17:34:20,35.0339,25.9469,58.1,45,0,7.83
474,Tazovskiy,RU,2022-02-19 17:34:20,67.4667,78.7,21.2,93,100,15.75
475,Komsomolskiy,UZ,2022-02-19 17:34:21,40.4272,71.7189,42.22,60,100,4.61
476,Dahra,DZ,2022-02-19 17:34:21,36.2546,0.8519,60.19,88,97,5.77
477,Diamantino,BR,2022-02-19 17:34:22,-14.4086,-56.4461,80.01,83,100,5.66
478,Pasni,PK,2022-02-19 17:34:22,25.2631,63.471,72.7,67,0,7.38
479,Maragogi,BR,2022-02-19 17:34:23,-9.0122,-35.2225,84.52,62,76,16.08
480,Basco,PH,2022-02-19 17:34:23,20.4487,121.9702,73.2,82,98,28.12
481,Kiunga,PG,2022-02-19 17:34:23,-6.1219,141.2906,73.63,100,100,2.37
482,Nagato,JP,2022-02-19 17:34:24,34.3833,131.2,44.51,71,100,20.2
483,Saldanha,ZA,2022-02-19 17:34:24,-33.0117,17.9442,71.65,93,56,11.23
484,Bilma,NE,2022-02-19 17:34:24,18.6853,12.9164,71.06,14,41,8.23
485,Safford,US,2022-02-19 17:34:25,32.834,-109.7076,59.52,24,0,12.66
486,Oksovskiy,RU,2022-02-19 17:34:25,62.6062,39.8984,29.8,93,99,7.76
487,Dawei,MM,2022-02-19 17:34:26,14.0833,98.2,74.01,95,49,1.92
488,Pangnirtung,CA,2022-02-19 17:34:26,66.1451,-65.7125,-31.0,68,75,4.61
489,Seymchan,RU,2022-02-19 17:34:27,62.8833,152.4333,-35.16,100,100,0.54
490,Saraipali,IN,2022-02-19 17:34:27,21.3333,83.0,76.64,40,83,5.86
491,Nelson Bay,AU,2022-02-19 17:34:27,-32.7167,152.15,68.0,94,0,6.69
492,Port Blair,IN,2022-02-19 17:33:17,11.6667,92.75,71.64,94,75,2.3
493,Show Low,US,2022-02-19 17:34:28,34.2542,-110.0298,53.08,31,0,0.0
494,Sicamous,CA,2022-02-19 17:31:05,50.8331,-118.9856,44.49,99,100,4.43
495,Kasempa,ZM,2022-02-19 17:35:28,-13.4584,25.8338,64.2,96,96,4.47
496,Grand-Lahou,CI,2022-02-19 17:35:28,5.1367,-5.0242,82.02,79,22,13.44
497,Dubbo,AU,2022-02-19 17:35:29,-32.25,148.6167,62.73,88,75,13.8
498,Sungaipenuh,ID,2022-02-19 17:35:29,-2.0833,101.3833,64.54,94,80,3.02
499,Numan,NG,2022-02-19 17:35:29,9.4667,12.0333,85.28,13,60,4.21
500,Sumenep,ID,2022-02-19 17:35:30,-7.0167,113.8667,78.13,87,92,9.26
501,Chancay,PE,2022-02-19 17:35:30,-11.5714,-77.2672,76.87,73,90,8.34
502,Dong Hoi,VN,2022-02-19 17:35:30,17.4833,106.6,62.42,88,100,16.46
503,Hirara,JP,2022-02-19 17:35:31,24.8,125.2833,62.28,80,100,32.68
504,Oneonta,US,2022-02-19 17:31:30,42.4529,-75.0638,30.81,87,100,18.21
505,Sao Miguel Do Araguaia,BR,2022-02-19 17:35:31,-13.275,-50.1628,69.89,99,100,3.69
506,Sakakah,SA,2022-02-19 17:32:47,29.9697,40.2064,54.97,55,50,21.65
507,Uusikaupunki,FI,2022-02-19 17:35:31,60.8004,21.4084,28.92,84,100,10.13
508,Oga,IT,2022-02-19 17:35:32,46.4631,10.347,37.69,94,100,3.69
509,Komsomolets,KZ,2022-02-19 17:35:32,53.7453,62.0708,1.47,89,5,7.9
510,Atar,MR,2022-02-19 17:35:32,20.5169,-13.0499,84.85,15,0,8.55
511,Araouane,ML,2022-02-19 17:35:33,18.9048,-3.5265,81.91,7,100,8.9
512,Alice Springs,AU,2022-02-19 17:35:33,-23.7,133.8833,62.15,72,0,0.0
513,Nurota,UZ,2022-02-19 17:35:33,40.5614,65.6886,44.69,62,60,8.97
514,Semporna,MY,2022-02-19 17:35:34,4.4818,118.6112,75.4,93,100,5.68
515,Nandu,CN,2022-02-19 17:35:34,22.8525,110.8233,41.68,95,100,7.23
516,Bacolod,PH,2022-02-19 17:35:34,10.6667,122.95,77.34,77,96,5.32
517,Agfalva,HU,2022-02-19 17:35:35,47.6899,16.5166,47.8,57,100,5.84
518,Qasigiannguit,GL,2022-02-19 17:35:35,68.8193,-51.1922,10.65,97,100,5.41
519,Beidao,CN,2022-02-19 17:35:35,34.5686,105.8933,19.29,75,77,2.73
520,Roebourne,AU,2022-02-19 17:31:18,-20.7833,117.1333,90.39,47,50,6.31
521,Ila,NO,2022-02-19 17:35:36,63.4305,10.3705,35.96,82,58,1.01
522,El Tigre,VE,2022-02-19 17:35:36,8.8875,-64.2454,91.76,26,83,9.22
523,Udachnyy,RU,2022-02-19 17:35:36,66.4167,112.4,-17.12,98,67,8.99
524,Labuhan,ID,2022-02-19 17:35:37,-6.8844,112.2051,77.99,86,99,5.97
525,Monrovia,LR,2022-02-19 17:31:05,6.3005,-10.7969,82.0,77,60,13.2
526,Salaga,GH,2022-02-19 17:35:38,8.5508,-0.5188,94.89,25,89,6.13
527,Ikalamavony,MG,2022-02-19 17:35:38,-21.15,46.5833,69.08,83,12,8.01
528,Wegorzewo,PL,2022-02-19 17:35:38,54.2157,21.7372,36.0,89,100,20.83
529,Jaffna,LK,2022-02-19 17:35:39,9.6685,80.0074,78.96,75,60,12.01
530,Det Udom,TH,2022-02-19 17:35:39,14.906,105.0784,85.24,68,74,2.89
531,Takoradi,GH,2022-02-19 17:35:40,4.8845,-1.7554,81.99,77,88,10.45
532,Sahuaripa,MX,2022-02-19 17:35:40,29.05,-109.2333,71.19,17,0,4.09
533,El Reno,US,2022-02-19 17:35:41,35.5323,-97.955,51.55,55,0,4.61
534,San Carlos De Bariloche,AR,2022-02-19 17:31:02,-41.1456,-71.3082,67.75,40,75,18.41
535,Ouricuri,BR,2022-02-19 17:35:41,-7.8825,-40.0817,86.23,46,75,3.24
536,Abha,SA,2022-02-19 17:35:41,18.2164,42.5053,60.62,82,20,4.61
537,Anloga,GH,2022-02-19 17:35:42,5.7947,0.8973,84.42,80,67,16.89
538,Ketchikan,US,2022-02-19 17:35:42,55.3422,-131.6461,40.98,93,100,0.0
539,Saint George,US,2022-02-19 17:35:42,37.1041,-113.5841,60.35,33,0,1.99
540,Lakhimpur,IN,2022-02-19 17:35:43,27.95,80.7667,58.32,48,0,8.93
541,Ngunguru,NZ,2022-02-19 17:36:43,-35.6167,174.5,60.17,86,26,1.83
542,Kanye,BW,2022-02-19 17:36:43,-24.9667,25.3327,74.71,45,75,3.58
543,Kaniama,CD,2022-02-19 17:36:44,-7.5667,24.1833,65.43,98,91,3.62
544,Bin Qirdan,TN,2022-02-19 17:36:44,33.1378,11.2197,67.19,35,100,4.52
545,Panaba,MX,2022-02-19 17:36:45,21.2833,-88.2667,87.35,50,2,8.08
546,Arraias,BR,2022-02-19 17:36:45,-12.9288,-46.9437,69.82,88,100,2.66
547,Nyzhni Sirohozy,UA,2022-02-19 17:36:46,46.8484,34.3804,43.05,74,74,17.45
548,Bilibino,RU,2022-02-19 17:36:46,68.0546,166.4372,-35.1,100,11,4.79
549,Broome,US,2022-02-19 17:36:46,42.2506,-75.833,30.22,63,100,13.8
550,Taltal,CL,2022-02-19 17:36:47,-25.4,-70.4833,71.65,73,14,7.92
551,Imbituba,BR,2022-02-19 17:36:48,-28.24,-48.6703,82.29,60,4,9.1
552,Alyangula,AU,2022-02-19 17:36:48,-13.8483,136.4192,76.87,100,93,0.0
553,Oranjestad,AW,2022-02-19 17:36:42,12.524,-70.027,84.15,58,20,23.02
554,Taquari,BR,2022-02-19 17:36:24,-29.7997,-51.8644,94.32,20,0,3.36
555,Hutchinson,US,2022-02-19 17:35:36,38.0608,-97.9298,35.73,28,0,11.5
556,Auki,SB,2022-02-19 17:36:49,-8.7676,160.7034,77.2,85,76,3.67
557,Jiwani,PK,2022-02-19 17:36:51,25.05,61.7417,72.57,60,0,8.48
558,La Rioja,ES,2022-02-19 17:36:52,42.25,-2.5,42.58,73,95,6.71
559,Yerbogachen,RU,2022-02-19 17:36:52,61.2767,108.0108,-18.76,100,99,3.09
560,Rock Sound,BS,2022-02-19 17:36:52,24.9,-76.2,75.96,75,3,4.05
561,Mtwara,TZ,2022-02-19 17:36:53,-10.2667,40.1833,81.73,94,20,10.36
562,Sanandaj,IR,2022-02-19 17:36:53,35.3144,46.9923,37.42,87,75,0.0
563,Dingle,PH,2022-02-19 17:36:54,10.9995,122.6711,75.11,90,92,6.64
564,Culaman,PH,2022-02-19 17:36:54,5.9603,125.6586,77.74,82,98,8.1
565,Puerto Madero,MX,2022-02-19 17:36:54,14.7208,-92.4215,89.8,51,0,0.0
566,Blackwater,AU,2022-02-19 17:36:55,-23.5833,148.8833,71.56,84,63,5.82
567,Middle Island,US,2022-02-19 17:35:26,40.8843,-72.9373,40.17,56,0,21.85
568,Shubarkuduk,KZ,2022-02-19 17:36:55,49.1447,56.4872,2.21,98,9,4.92
569,Hermiston,US,2022-02-19 17:33:21,45.8404,-119.2895,60.12,52,0,19.57
570,Camana,PE,2022-02-19 17:36:55,-16.6228,-72.7111,73.9,80,100,6.71
571,Linqiong,CN,2022-02-19 17:36:56,30.4159,103.4609,42.62,71,100,2.64
572,Bundaberg,AU,2022-02-19 17:32:30,-24.85,152.35,71.22,95,15,6.91
573,Ust-Karsk,RU,2022-02-19 17:36:56,52.7011,118.8077,-14.15,100,98,1.68
574,Topeka,US,2022-02-19 17:34:41,39.0483,-95.678,32.74,43,0,6.91
575,College,US,2022-02-19 17:36:57,64.8569,-147.8028,0.9,79,75,0.0
576,Mlowo,TZ,2022-02-19 17:36:57,-9.0,32.9833,60.66,96,100,3.94
577,Malartic,CA,2022-02-19 17:34:59,48.1335,-78.1328,4.01,78,100,14.05
578,Muroto,JP,2022-02-19 17:36:58,33.2833,134.15,48.9,80,100,11.05
579,Dukat,RU,2022-02-19 17:36:58,62.55,155.55,-31.09,99,90,4.54
580,Niquero,CU,2022-02-19 17:36:59,20.0431,-77.5828,85.44,53,8,4.9
581,Lorengau,PG,2022-02-19 17:36:59,-2.0226,147.2712,81.3,82,100,11.16
582,Newport,GB,2022-02-19 17:36:59,51.5877,-2.9984,51.8,80,98,4.0
583,Vila Franca Do Campo,PT,2022-02-19 17:37:00,37.7167,-25.4333,57.61,62,100,3.8
584,Dimona,IL,2022-02-19 17:37:00,31.0667,35.0333,45.84,82,85,2.3
585,Jacareacanga,BR,2022-02-19 17:37:00,-6.2222,-57.7528,73.94,97,100,2.28
586,Chapais,CA,2022-02-19 17:37:01,49.7834,-74.8492,-2.42,81,100,3.96
587,Rio Grande,BR,2022-02-19 17:37:01,-32.035,-52.0986,86.11,56,0,11.07
588,Kitsuki,JP,2022-02-19 17:38:02,33.4167,131.6167,42.62,86,98,13.58
589,Zarubino,RU,2022-02-19 17:38:02,42.63,131.0922,13.86,67,74,14.83
590,Pokhara,NP,2022-02-19 17:38:03,28.2333,83.9833,50.9,71,73,4.59
591,Wangaratta,AU,2022-02-19 17:38:03,-36.3667,146.3333,66.31,87,2,0.0
592,Kolding,DK,2022-02-19 17:38:03,55.4904,9.4722,40.95,87,67,17.27
593,Guarapari,BR,2022-02-19 17:38:04,-20.6667,-40.4975,89.49,73,92,15.64
594,Horuphav,DK,2022-02-19 17:38:04,54.9102,9.8987,41.13,81,75,16.11
595,Lucea,JM,2022-02-19 17:38:05,18.451,-78.1736,83.86,61,17,15.3
596,Vanavara,RU,2022-02-19 17:38:05,60.34,102.2797,4.44,97,100,4.14
597,Itirucu,BR,2022-02-19 17:38:06,-13.5317,-40.1503,75.51,71,98,5.75
598,Tateyama,JP,2022-02-19 17:38:06,34.9833,139.8667,48.13,93,75,14.97
599,Waitati,NZ,2022-02-19 17:38:07,-45.75,170.5667,51.8,80,2,4.21
600,La Mira,MX,2022-02-19 17:38:07,18.035,-102.3266,88.07,43,3,8.95
601,Banda Aceh,ID,2022-02-19 17:38:07,5.5577,95.3222,80.53,82,82,3.0
602,Suzun,RU,2022-02-19 17:38:08,53.7841,82.3116,-4.29,100,90,1.72
603,Chitral,PK,2022-02-19 17:38:08,35.8462,71.7858,30.4,56,50,8.93
604,Mafinga,TZ,2022-02-19 17:38:09,-7.25,35.0667,67.08,95,98,2.42
605,Macaiba,BR,2022-02-19 17:38:09,-5.8583,-35.3539,88.63,62,75,17.27
606,Tadine,NC,2022-02-19 17:38:10,-21.55,167.8833,77.65,86,100,5.68
607,Constitucion,CL,2022-02-19 17:38:10,-35.3333,-72.4167,70.54,57,3,17.72
608,Bodden Town,KY,2022-02-19 17:38:11,19.2833,-81.25,86.0,66,20,12.66
609,Venado Tuerto,AR,2022-02-19 17:38:11,-33.7456,-61.9688,93.29,24,93,7.74
610,Taganak,PH,2022-02-19 17:38:12,6.0833,118.3,75.34,92,100,10.78
611,Bara,NG,2022-02-19 17:38:12,10.3744,10.7288,91.18,16,45,8.79
612,Ulaanbaatar,MN,2022-02-19 17:38:13,47.9077,106.8832,-20.07,69,0,4.47
613,Loreto,MX,2022-02-19 17:37:08,22.2667,-101.9667,70.99,28,2,6.15
614,Gat,IL,2022-02-19 17:38:13,31.61,34.7642,53.4,100,86,5.44
615,Nenjiang,CN,2022-02-19 17:38:14,49.1833,125.2167,-10.35,100,98,2.82
616,Saint-Pierre,RE,2022-02-19 17:38:14,-21.3393,55.4781,80.28,89,100,28.77
617,Valleyview,CA,2022-02-19 17:38:15,55.0667,-117.2859,30.24,86,100,17.27
618,Olga,RU,2022-02-19 17:38:16,43.7444,135.2892,14.04,78,100,7.52
619,Homer,US,2022-02-19 17:38:16,59.6425,-151.5483,36.81,81,40,18.01
620,Loubomo,CG,2022-02-19 17:38:16,-4.1997,12.6739,73.54,93,100,2.73
621,Leshukonskoye,RU,2022-02-19 17:38:17,64.8989,45.7622,30.22,87,100,12.91
622,Pocone,BR,2022-02-19 17:38:17,-16.2567,-56.6228,87.37,59,53,5.61
623,Prieska,ZA,2022-02-19 17:38:18,-29.6641,22.7474,80.47,37,62,10.38
624,Erzin,TR,2022-02-19 17:38:18,36.9559,36.2,55.92,63,5,4.85
625,Miri,MY,2022-02-19 17:38:18,4.4148,114.0089,73.54,100,40,5.75
626,Bryan,US,2022-02-19 17:38:19,30.6744,-96.37,59.99,32,0,3.44
627,Oranjemund,NA,2022-02-19 17:38:19,-28.55,16.4333,65.66,82,32,12.84
628,Petropavlovsk-Kamchatskiy,RU,2022-02-19 17:38:20,53.0452,158.6483,19.99,58,75,6.71
629,Inhambane,MZ,2022-02-19 17:38:20,-23.865,35.3833,78.78,73,40,5.75
630,Tokur,RU,2022-02-19 17:38:20,53.1333,132.9,-14.12,100,98,2.26
631,Aguada De Pasajeros,CU,2022-02-19 17:38:20,22.385,-80.8508,86.14,34,12,8.23
632,Umm Kaddadah,SD,2022-02-19 17:38:21,13.6017,26.6876,66.9,17,1,15.55
633,Porto Empedocle,IT,2022-02-19 17:38:21,37.2934,13.5264,57.9,83,100,6.55
634,Carson City,US,2022-02-19 17:39:22,39.1638,-119.7674,54.84,47,0,0.0
635,Koratla,IN,2022-02-19 17:39:22,18.8167,78.7167,76.75,36,11,7.96
636,Marmande,FR,2022-02-19 17:39:23,44.5,0.1667,50.31,73,92,9.24
637,Vila Do Maio,CV,2022-02-19 17:39:23,15.1333,-23.2167,77.79,66,70,21.03
638,Zharkovskiy,RU,2022-02-19 17:39:24,55.849,32.2697,33.55,97,100,13.13
639,Caraballeda,VE,2022-02-19 17:39:24,10.6112,-66.8522,90.37,56,20,5.75
640,Northam,GB,2022-02-19 17:39:24,51.0333,-4.2167,50.02,88,99,21.32
641,Aojiang,CN,2022-02-19 17:39:25,22.9421,116.0359,47.01,84,100,11.03
642,Morondava,MG,2022-02-19 17:39:25,-20.2833,44.2833,83.48,79,33,7.52
643,Imbituva,BR,2022-02-19 17:39:11,-25.23,-50.6044,78.01,43,32,0.87
644,Lokoja,NG,2022-02-19 17:39:26,7.8024,6.743,93.16,18,94,1.83
645,Sao Jose Da Coroa Grande,BR,2022-02-19 17:39:26,-8.8978,-35.1478,84.72,63,64,14.76
646,Vanimo,PG,2022-02-19 17:39:27,-2.6741,141.3028,75.81,94,100,7.99
647,Kot Samaba,PK,2022-02-19 17:39:27,28.5522,70.4684,68.23,27,0,8.3
648,Marovoay,MG,2022-02-19 17:39:27,-16.1,46.6333,82.54,76,95,1.81
649,Mabaruma,GY,2022-02-19 17:39:28,8.2,-59.7833,81.7,67,87,5.95
650,Maneadero,MX,2022-02-19 17:39:28,31.7167,-116.5667,64.18,49,3,1.99
651,Longjiang,CN,2022-02-19 17:39:29,47.3303,123.1836,-3.55,82,57,7.56
652,Springbok,ZA,2022-02-19 17:39:29,-29.6643,17.8865,70.27,35,63,8.95
653,Kampene,CD,2022-02-19 17:39:29,-3.6,26.6667,68.7,99,98,2.28
654,Vangaindrano,MG,2022-02-19 17:39:30,-23.35,47.6,74.12,82,40,3.6
655,Kazanskaya,RU,2022-02-19 17:39:30,45.4106,40.4361,38.01,95,43,7.99
656,Pangkalanbuun,ID,2022-02-19 17:39:31,-2.6833,111.6167,74.25,96,97,2.62
657,Lanxi,CN,2022-02-19 17:39:31,29.2195,119.477,37.47,85,100,3.96
658,Betsiamites,CA,2022-02-19 17:39:31,48.9413,-68.646,8.69,94,100,13.18
659,Koslan,RU,2022-02-19 17:39:32,63.4564,48.8989,27.68,91,100,10.67
