City_ID,City,Country,Date,Lat,Lng,Max Temp,Humidity,Cloudiness,Wind Speed,Current Description
0,Tura,IN,2022-02-21 16:05:05,25.5198,90.2201,59.18,56,44,4.97,scattered clouds
1,Canavieiras,BR,2022-02-21 16:05:06,-15.675,-38.9472,87.35,54,18,6.98,few clouds
2,Arlit,NE,2022-02-21 16:05:06,18.7369,7.3853,89.15,3,0,5.99,clear sky
3,Bredasdorp,ZA,2022-02-21 16:05:06,-34.5322,20.0403,66.27,60,0,17.81,clear sky
4,North Bend,US,2022-02-21 16:05:07,43.4065,-124.2243,41.07,99,100,8.05,overcast clouds
5,Cidreira,BR,2022-02-21 16:05:07,-30.1811,-50.2056,81.84,58,94,4.23,overcast clouds
6,Port Alfred,ZA,2022-02-21 16:05:07,-33.5906,26.891,72.88,64,27,12.01,scattered clouds
7,Salinopolis,BR,2022-02-21 16:05:08,-0.6136,-47.3561,83.14,76,100,11.81,moderate rain
8,Vaini,TO,2022-02-21 16:05:08,-21.2,-175.2,78.96,94,40,6.91,scattered clouds
9,Jijiga,ET,2022-02-21 16:05:08,9.35,42.8,69.66,47,90,16.87,overcast clouds
10,Whitianga,NZ,2022-02-21 16:05:08,-36.8333,175.7,65.01,84,55,4.94,broken clouds
11,Kirakira,SB,2022-02-21 16:05:09,-10.4544,161.9205,80.17,82,100,1.52,overcast clouds
12,Yellowknife,CA,2022-02-21 16:01:14,62.456,-114.3525,-28.71,78,26,8.99,scattered clouds
13,Dhanwar,IN,2022-02-21 16:05:09,24.4167,85.9833,64.67,36,0,5.61,clear sky
14,Lebu,CL,2022-02-21 16:05:10,-37.6167,-73.65,65.12,58,15,5.64,few clouds
15,Klaksvik,FO,2022-02-21 16:05:10,62.2266,-6.589,34.72,52,62,10.0,broken clouds
16,Mataura,NZ,2022-02-21 16:05:10,-46.1927,168.8643,51.73,78,76,3.67,light rain
17,Punta Arenas,CL,2022-02-21 16:02:17,-53.15,-70.9167,60.12,55,24,3.94,few clouds
18,Tiksi,RU,2022-02-21 16:05:11,71.6872,128.8694,-9.6,99,98,7.94,overcast clouds
19,Atuona,PF,2022-02-21 16:05:11,-9.8,-139.0333,78.08,74,5,18.81,clear sky
20,Ambon,ID,2022-02-21 16:05:12,-3.6954,128.1814,77.14,88,40,4.61,moderate rain
21,Ushuaia,AR,2022-02-21 16:01:06,-54.8,-68.3,64.02,43,69,4.88,broken clouds
22,Thompson,CA,2022-02-21 16:04:27,55.7435,-97.8558,-20.29,90,6,6.91,clear sky
23,Port Blair,IN,2022-02-21 16:05:12,11.6667,92.75,78.13,62,31,7.43,scattered clouds
24,Yenagoa,NG,2022-02-21 16:05:12,4.9247,6.2642,97.2,34,8,9.33,clear sky
25,Ilulissat,GL,2022-02-21 16:05:13,69.2167,-51.1,-2.18,65,40,5.75,scattered clouds
26,Mar Del Plata,AR,2022-02-21 16:04:29,-38.0023,-57.5575,69.82,89,75,17.0,broken clouds
27,Tasiilaq,GL,2022-02-21 16:05:14,65.6145,-37.6368,24.96,85,100,33.82,light snow
28,Ambilobe,MG,2022-02-21 16:05:14,-13.2,49.05,78.39,87,100,10.38,light rain
29,Hobart,AU,2022-02-21 16:00:26,-42.8794,147.3294,49.26,72,40,5.75,scattered clouds
30,La Paz,BO,2022-02-21 16:03:21,-16.5,-68.15,56.55,53,87,3.13,overcast clouds
31,State College,US,2022-02-21 16:03:00,40.7934,-77.86,52.99,42,0,3.0,clear sky
32,Pedernales,DO,2022-02-21 16:05:15,18.0384,-71.744,80.76,59,13,9.1,few clouds
33,Namibe,AO,2022-02-21 16:05:16,-15.1961,12.1522,79.2,75,15,12.8,few clouds
34,Faanui,PF,2022-02-21 16:05:16,-16.4833,-151.75,80.78,77,78,18.41,light rain
35,Avarua,CK,2022-02-21 16:05:17,-21.2078,-159.775,78.85,83,20,8.05,few clouds
36,Asau,RO,2022-02-21 16:05:17,46.4333,26.4,49.28,65,91,4.43,overcast clouds
37,Port Elizabeth,ZA,2022-02-21 16:03:20,-33.918,25.5701,72.1,68,13,13.56,few clouds
38,Chuy,UY,2022-02-21 16:05:18,-33.6971,-53.4616,80.38,56,49,14.36,scattered clouds
39,Rikitea,PF,2022-02-21 16:05:18,-23.1203,-134.9692,76.24,75,16,9.95,light rain
40,Georgetown,MY,2022-02-21 16:02:48,5.4112,100.3354,84.13,79,20,3.44,moderate rain
41,Smithers,CA,2022-02-21 16:05:19,54.7804,-127.1743,1.04,96,63,0.16,broken clouds
42,Arraial Do Cabo,BR,2022-02-21 16:05:19,-22.9661,-42.0278,87.66,70,40,12.66,scattered clouds
43,Kurilsk,RU,2022-02-21 16:05:20,45.2333,147.8833,29.17,94,100,36.64,snow
44,Leninsk,RU,2022-02-21 16:05:20,48.7119,45.1994,35.46,90,58,2.57,broken clouds
45,Qaanaaq,GL,2022-02-21 16:05:21,77.484,-69.3632,-8.73,60,92,7.52,overcast clouds
46,Mahebourg,MU,2022-02-21 16:06:21,-20.4081,57.7,81.25,88,72,22.41,light rain
47,Albany,US,2022-02-21 16:06:22,42.6001,-73.9662,48.47,47,75,3.47,broken clouds
48,Talnakh,RU,2022-02-21 16:06:22,69.4865,88.3972,13.21,87,100,19.08,overcast clouds
49,La Romana,DO,2022-02-21 16:06:23,18.4273,-68.9728,84.56,58,40,16.11,scattered clouds
50,Jamestown,US,2022-02-21 16:06:23,42.097,-79.2353,51.12,42,0,5.75,clear sky
51,Norman Wells,CA,2022-02-21 16:06:23,65.282,-126.8329,-30.05,98,32,2.3,scattered clouds
52,Carnarvon,AU,2022-02-21 16:06:23,-24.8667,113.6333,82.47,65,94,12.66,overcast clouds
53,Hithadhoo,MV,2022-02-21 16:06:24,-0.6,73.0833,83.03,69,14,8.99,few clouds
54,Busselton,AU,2022-02-21 16:06:24,-33.65,115.3333,65.08,74,0,10.11,clear sky
55,Saldanha,ZA,2022-02-21 16:06:24,-33.0117,17.9442,66.34,81,21,14.63,few clouds
56,Kayerkan,RU,2022-02-21 16:06:25,69.3497,87.7602,11.98,83,100,14.9,overcast clouds
57,Egvekinot,RU,2022-02-21 16:06:25,66.3167,-179.1667,-12.41,93,100,16.91,overcast clouds
58,Batemans Bay,AU,2022-02-21 16:06:25,-35.7167,150.1833,66.2,92,100,4.9,overcast clouds
59,Yulin,CN,2022-02-21 16:06:26,22.6333,110.15,44.64,85,100,7.67,overcast clouds
60,Puerto Ayora,EC,2022-02-21 16:06:26,-0.7393,-90.3518,84.16,86,82,5.01,broken clouds
61,Bluff,NZ,2022-02-21 16:06:26,-46.6,168.3333,59.52,65,97,17.4,light rain
62,Bilma,NE,2022-02-21 16:06:27,18.6853,12.9164,81.93,7,0,4.97,clear sky
63,Acapulco,MX,2022-02-21 16:02:02,16.8634,-99.8901,84.06,49,0,2.46,clear sky
64,Chapais,CA,2022-02-21 16:06:27,49.7834,-74.8492,-15.02,79,31,7.58,scattered clouds
65,Filingue,NE,2022-02-21 16:06:27,14.3521,3.3168,91.87,5,40,15.84,scattered clouds
66,Barrow,US,2022-02-21 16:06:28,71.2906,-156.7887,-16.58,69,75,19.57,haze
67,Stornoway,GB,2022-02-21 16:06:28,58.2093,-6.3865,44.92,65,20,3.44,few clouds
68,Victoria,HK,2022-02-21 16:05:33,22.2855,114.1577,52.25,92,100,10.0,light rain
69,Dikson,RU,2022-02-21 16:06:28,73.5069,80.5464,13.42,92,100,17.76,overcast clouds
70,Surt,LY,2022-02-21 16:06:29,31.2089,16.5887,60.73,75,86,13.44,overcast clouds
71,Castro,BR,2022-02-21 16:06:29,-24.7911,-50.0119,81.91,47,94,5.79,overcast clouds
72,Constitucion,CL,2022-02-21 16:01:52,-35.3333,-72.4167,65.62,57,100,8.41,overcast clouds
73,Opotiki,NZ,2022-02-21 16:06:29,-38.0833,177.2833,62.53,94,84,2.73,broken clouds
74,Kruisfontein,ZA,2022-02-21 16:06:30,-34.0033,24.7314,69.89,65,18,14.18,few clouds
75,Souillac,MU,2022-02-21 16:06:30,-20.5167,57.5167,81.36,88,81,20.07,light rain
76,Tambura,SS,2022-02-21 16:06:30,5.6,27.4667,87.42,11,89,5.82,overcast clouds
77,Corner Brook,CA,2022-02-21 16:06:31,48.9667,-57.9484,32.13,87,100,15.05,light snow
78,Kasane,BW,2022-02-21 16:06:31,-17.8167,25.15,75.87,61,81,6.29,broken clouds
79,Kapaa,US,2022-02-21 16:02:11,22.0752,-159.319,63.12,59,43,10.13,scattered clouds
80,Qarqin,AF,2022-02-21 16:06:31,37.4185,66.0436,61.3,30,100,6.42,overcast clouds
81,Torbay,CA,2022-02-21 16:03:19,47.6666,-52.7314,36.57,77,100,8.99,overcast clouds
82,Saint-Philippe,RE,2022-02-21 16:06:32,-21.3585,55.7679,81.99,93,100,32.28,moderate rain
83,Auki,SB,2022-02-21 16:06:32,-8.7676,160.7034,78.22,87,98,2.53,overcast clouds
84,Leningradskiy,RU,2022-02-21 16:06:32,69.3833,178.4167,-33.66,97,55,2.73,broken clouds
85,Padang,ID,2022-02-21 16:06:33,-0.9492,100.3543,78.85,86,100,4.0,overcast clouds
86,Sola,VU,2022-02-21 16:06:33,-13.8833,167.55,82.2,76,50,12.93,scattered clouds
87,Zhigansk,RU,2022-02-21 16:06:33,66.7697,123.3711,-6.61,98,100,15.97,light snow
88,Mnogovershinnyy,RU,2022-02-21 16:06:33,53.9353,139.9242,-14.31,91,72,4.61,broken clouds
89,Nikolskoye,RU,2022-02-21 16:06:34,59.7035,30.7861,33.87,92,100,11.16,light snow
90,East London,ZA,2022-02-21 16:06:34,-33.0153,27.9116,73.9,65,7,8.72,clear sky
91,New Norfolk,AU,2022-02-21 16:07:34,-42.7826,147.0587,48.92,61,59,2.51,broken clouds
92,Vila Velha,BR,2022-02-21 16:07:35,-20.3297,-40.2925,89.55,69,20,16.11,few clouds
93,Kaitangata,NZ,2022-02-21 16:07:35,-46.2817,169.8464,51.94,79,3,5.79,clear sky
94,Nanakuli,US,2022-02-21 16:07:35,21.3906,-158.1547,73.35,80,100,6.91,overcast clouds
95,Butaritari,KI,2022-02-21 16:07:36,3.0707,172.7902,81.54,81,95,20.56,light rain
96,Chimoio,MZ,2022-02-21 16:07:36,-19.1164,33.4833,75.72,76,47,3.85,scattered clouds
97,Saint-Augustin,CA,2022-02-21 16:07:36,51.226,-58.6502,22.5,81,88,19.28,overcast clouds
98,Huarmey,PE,2022-02-21 16:07:37,-10.0681,-78.1522,74.86,77,79,7.49,broken clouds
99,Ryotsu,JP,2022-02-21 16:07:37,38.0833,138.4333,33.46,58,81,22.73,broken clouds
100,Bafq,IR,2022-02-21 16:07:37,31.6128,55.4107,55.67,40,80,7.05,broken clouds
101,Lakes Entrance,AU,2022-02-21 16:07:37,-37.8811,147.981,57.4,69,51,1.77,broken clouds
102,Tabou,CI,2022-02-21 16:07:38,4.423,-7.3528,83.43,74,99,10.47,overcast clouds
103,Nanortalik,GL,2022-02-21 16:07:38,60.1432,-45.2371,13.71,70,5,21.43,clear sky
104,Muros,ES,2022-02-21 16:07:38,42.7762,-9.0603,65.68,54,31,7.43,scattered clouds
105,Upernavik,GL,2022-02-21 16:07:38,72.7868,-56.1549,-19.32,98,100,3.38,overcast clouds
106,Burgeo,CA,2022-02-21 16:07:39,47.6167,-57.6152,33.73,88,100,25.43,light snow
107,Okhotsk,RU,2022-02-21 16:07:39,59.3833,143.3,-12.77,82,12,12.35,few clouds
108,Qaqortoq,GL,2022-02-21 16:07:40,60.7167,-46.0333,3.7,74,0,4.09,clear sky
109,Carlos Chagas,BR,2022-02-21 16:07:40,-17.7031,-40.7664,89.06,47,28,3.11,scattered clouds
110,Saskylakh,RU,2022-02-21 16:07:40,71.9167,114.0833,8.04,95,95,5.5,overcast clouds
111,Paarl,ZA,2022-02-21 16:07:41,-33.7338,18.9752,74.25,46,0,8.81,clear sky
112,North Platte,US,2022-02-21 16:07:41,41.1239,-100.7654,15.69,67,100,24.16,overcast clouds
113,Lompoc,US,2022-02-21 16:07:41,34.6391,-120.4579,53.13,68,100,12.66,overcast clouds
114,Rocha,UY,2022-02-21 16:07:42,-34.4833,-54.3333,76.62,64,70,16.13,broken clouds
115,Ayan,RU,2022-02-21 16:07:42,56.45,138.1667,-8.41,79,17,9.62,few clouds
116,Hay River,CA,2022-02-21 16:05:23,60.8156,-115.7999,-25.71,100,95,6.15,overcast clouds
117,Tutoia,BR,2022-02-21 16:07:42,-2.7619,-42.2744,89.58,59,46,14.09,light rain
118,Abu Dhabi,AE,2022-02-21 16:03:01,24.4667,54.3667,68.97,63,0,21.77,clear sky
119,Hilo,US,2022-02-21 16:07:43,19.7297,-155.09,70.79,86,40,6.91,scattered clouds
120,San Pedro,PH,2022-02-21 16:07:43,14.35,121.0167,80.31,78,100,10.02,overcast clouds
121,Mayo,US,2022-02-21 16:07:43,38.8876,-76.5119,57.11,39,0,5.01,clear sky
122,Vostok,RU,2022-02-21 16:07:44,46.4856,135.8833,0.12,98,100,3.04,light snow
123,Vallenar,CL,2022-02-21 16:07:44,-28.5708,-70.7581,80.98,32,0,10.85,clear sky
124,Terrace,CA,2022-02-21 16:07:44,54.5163,-128.6035,10.15,91,74,4.56,broken clouds
125,Samsun,TR,2022-02-21 16:07:44,41.25,36.3333,43.56,93,0,3.44,clear sky
126,Severo-Kurilsk,RU,2022-02-21 16:07:45,50.6789,156.125,31.89,96,100,43.98,snow
127,General Roca,AR,2022-02-21 16:07:45,-39.0333,-67.5833,56.62,54,100,25.64,light rain
128,Lodwar,KE,2022-02-21 16:07:45,3.1191,35.5973,92.77,26,100,6.11,overcast clouds
129,Kavaratti,IN,2022-02-21 16:07:46,10.5669,72.642,81.61,65,47,11.45,scattered clouds
130,Puerto Lleras,CO,2022-02-21 16:07:46,3.0223,-73.4044,92.97,24,88,9.98,overcast clouds
131,Bambous Virieux,MU,2022-02-21 16:07:46,-20.3428,57.7575,81.21,88,67,21.85,light rain
132,Humaita,BR,2022-02-21 16:07:47,-7.5061,-63.0208,76.05,91,100,3.15,overcast clouds
133,Meulaboh,ID,2022-02-21 16:07:47,4.1363,96.1285,78.98,81,95,4.32,overcast clouds
134,Pevek,RU,2022-02-21 16:07:47,69.7008,170.3133,-40.81,100,66,1.97,broken clouds
135,Kalmunai,LK,2022-02-21 16:07:47,7.4167,81.8167,78.69,80,2,4.9,clear sky
136,Trairi,BR,2022-02-21 16:08:48,-3.2778,-39.2689,87.04,57,83,14.12,broken clouds
137,Avera,US,2022-02-21 16:08:48,33.194,-82.5271,66.94,71,92,6.17,overcast clouds
138,Antofagasta,CL,2022-02-21 16:08:48,-23.65,-70.4,76.21,61,0,9.26,clear sky
139,Hun,LY,2022-02-21 16:08:49,29.1268,15.9477,71.19,31,5,14.67,clear sky
140,Fort Walton Beach,US,2022-02-21 16:07:16,30.4058,-86.6188,67.08,63,75,5.75,broken clouds
141,Cape Town,ZA,2022-02-21 16:07:14,-33.9258,18.4232,75.34,64,1,5.01,clear sky
142,Camana,PE,2022-02-21 16:08:49,-16.6228,-72.7111,75.96,74,100,9.73,overcast clouds
143,Anacortes,US,2022-02-21 16:08:49,48.5126,-122.6127,37.58,95,0,1.01,clear sky
144,Gazanjyk,TM,2022-02-21 16:08:50,39.2446,55.5154,55.26,41,62,6.26,broken clouds
145,Tavda,RU,2022-02-21 16:08:50,58.0425,65.2726,33.06,87,99,10.54,overcast clouds
146,Tabuk,PH,2022-02-21 16:08:50,17.4189,121.4443,70.74,96,100,1.07,overcast clouds
147,Guarapari,BR,2022-02-21 16:08:51,-20.6667,-40.4975,89.49,69,60,8.12,broken clouds
148,Porto Novo,BJ,2022-02-21 16:08:51,6.4965,2.6036,88.3,56,90,11.32,overcast clouds
149,Udachnyy,RU,2022-02-21 16:08:51,66.4167,112.4,-3.35,100,86,4.0,overcast clouds
150,Storforshei,NO,2022-02-21 16:08:52,66.4043,14.5233,22.78,63,75,2.3,broken clouds
151,Codrington,AU,2022-02-21 16:08:52,-38.2667,141.9667,58.03,68,92,8.57,overcast clouds
152,Malindi,KE,2022-02-21 16:08:52,-3.2175,40.1191,79.36,84,95,12.55,overcast clouds
153,Loa Janan,ID,2022-02-21 16:08:53,-0.583,117.095,71.65,97,100,0.94,overcast clouds
154,Qandala,SO,2022-02-21 16:08:53,11.472,49.8728,74.8,82,60,2.98,broken clouds
155,Buala,SB,2022-02-21 16:08:53,-8.145,159.5921,80.51,80,100,2.1,light rain
156,Muriwai Beach,NZ,2022-02-21 16:08:54,-36.8167,174.45,66.42,94,6,4.41,clear sky
157,Kodiak,US,2022-02-21 16:08:54,57.79,-152.4072,38.71,87,100,3.44,overcast clouds
158,Northam,GB,2022-02-21 16:08:54,51.0333,-4.2167,52.02,77,5,26.69,clear sky
159,Hermanus,ZA,2022-02-21 16:08:54,-34.4187,19.2345,71.91,77,1,13.49,clear sky
160,Gelemso,ET,2022-02-21 16:08:55,8.8167,40.5167,67.96,41,90,8.43,overcast clouds
161,Noumea,NC,2022-02-21 16:08:55,-22.2763,166.4572,81.0,99,96,7.2,light rain
162,Bethel,US,2022-02-21 16:08:55,41.3712,-73.414,47.25,52,0,3.44,clear sky
163,Yulara,AU,2022-02-21 16:08:56,-25.2406,130.9889,73.24,35,0,8.05,clear sky
164,Bengkulu,ID,2022-02-21 16:08:56,-3.8004,102.2655,77.14,87,99,2.62,moderate rain
165,Airai,TL,2022-02-21 16:08:56,-8.9266,125.4092,60.22,98,100,1.01,heavy intensity rain
166,Isernia,IT,2022-02-21 16:08:56,41.6002,14.2382,57.67,94,100,8.95,overcast clouds
167,Waiuku,NZ,2022-02-21 16:08:57,-37.25,174.75,67.32,88,26,3.42,scattered clouds
168,Aklavik,CA,2022-02-21 16:08:57,68.2191,-135.0107,-20.45,90,10,15.17,clear sky
169,Yar-Sale,RU,2022-02-21 16:08:57,66.8333,70.8333,18.25,96,100,8.14,light snow
170,Los Llanos De Aridane,ES,2022-02-21 16:08:58,28.6585,-17.9182,62.35,74,40,10.36,scattered clouds
171,Sidhpura,IN,2022-02-21 16:08:58,27.6333,78.8833,59.95,44,0,4.38,clear sky
172,Brigantine,US,2022-02-21 16:08:58,39.4101,-74.3646,53.2,51,0,0.0,clear sky
173,Nampula,MZ,2022-02-21 16:08:59,-15.1165,39.2666,73.63,96,100,3.85,moderate rain
174,The Valley,AI,2022-02-21 16:08:52,18.217,-63.0578,84.06,65,40,13.8,scattered clouds
175,Vila Franca Do Campo,PT,2022-02-21 16:08:59,37.7167,-25.4333,61.21,64,98,5.64,overcast clouds
176,Puerto Leguizamo,CO,2022-02-21 16:08:59,-0.1934,-74.7819,91.44,34,66,6.82,broken clouds
177,Khurai,IN,2022-02-21 16:09:00,24.0436,78.3319,68.47,21,0,2.59,clear sky
178,Kangaatsiaq,GL,2022-02-21 16:06:13,68.3065,-53.4641,-5.94,95,100,4.05,overcast clouds
179,Hokitika,NZ,2022-02-21 16:09:00,-42.7167,170.9667,56.71,88,12,4.21,few clouds
180,Pakdasht,IR,2022-02-21 16:09:00,35.4752,51.6807,51.8,42,3,13.87,clear sky
181,Rio Grande,BR,2022-02-21 16:09:01,-32.035,-52.0986,95.11,50,58,7.81,broken clouds
182,Russkiy Aktash,RU,2022-02-21 16:09:01,55.0384,52.1214,29.55,93,100,9.33,overcast clouds
183,San Patricio,US,2022-02-21 16:10:01,28.017,-97.5169,75.18,69,78,18.41,broken clouds
184,Provideniya,RU,2022-02-21 16:10:02,64.3833,-173.3,15.19,95,100,13.53,snow
185,La Palma,US,2022-02-21 16:10:03,33.8464,-118.0467,58.03,78,75,3.44,broken clouds
186,Sarakhs,IR,2022-02-21 16:10:04,36.5449,61.1577,46.38,93,100,19.62,moderate rain
187,Merauke,ID,2022-02-21 16:10:04,-8.4667,140.3333,80.26,84,100,7.14,heavy intensity rain
188,Cabo San Lucas,MX,2022-02-21 16:10:05,22.8909,-109.9124,73.71,49,20,18.41,few clouds
189,Orotukan,RU,2022-02-21 16:10:05,62.2667,151.7,-33.9,100,25,4.74,scattered clouds
190,Esperance,AU,2022-02-21 16:10:06,-33.8667,121.9,63.55,69,0,17.07,clear sky
191,Kavieng,PG,2022-02-21 16:10:06,-2.5744,150.7967,76.12,95,100,0.98,heavy intensity rain
192,Vao,NC,2022-02-21 16:10:06,-22.6667,167.4833,79.27,82,100,11.95,overcast clouds
193,Vysokogornyy,RU,2022-02-21 16:10:07,50.1167,139.15,-6.23,100,100,3.78,overcast clouds
194,Sistranda,NO,2022-02-21 16:10:07,63.7256,8.834,28.9,72,100,21.85,overcast clouds
195,Saint Anthony,US,2022-02-21 16:10:07,45.0205,-93.218,24.85,74,100,19.57,overcast clouds
196,Tazovskiy,RU,2022-02-21 16:10:08,67.4667,78.7,15.46,94,100,14.5,light snow
197,Oranjestad,AW,2022-02-21 16:08:53,12.524,-70.027,85.95,58,52,19.57,broken clouds
198,Adrar,MR,2022-02-21 16:10:08,20.5022,-10.0711,89.29,10,91,4.27,overcast clouds
199,Lasa,IT,2022-02-21 16:10:08,46.6166,10.7002,49.91,76,85,9.08,overcast clouds
200,Kushmurun,KZ,2022-02-21 16:10:09,52.4503,64.6311,21.79,95,76,8.43,broken clouds
201,Vredendal,ZA,2022-02-21 16:10:09,-31.6683,18.5012,74.21,51,0,21.07,clear sky
202,Shingu,JP,2022-02-21 16:10:09,33.7333,135.9833,38.91,63,3,8.25,clear sky
203,Wattegama,LK,2022-02-21 16:10:09,6.7989,81.4808,73.72,94,5,1.86,clear sky
204,Thoen,TH,2022-02-21 16:10:10,17.6129,99.2161,75.56,86,36,2.46,scattered clouds
205,Ketchikan,US,2022-02-21 16:10:10,55.3422,-131.6461,33.78,64,20,5.75,few clouds
206,Wilmington,US,2022-02-21 16:08:08,34.2257,-77.9447,68.95,75,75,1.01,broken clouds
207,Harsova,RO,2022-02-21 16:10:10,44.6833,27.9333,49.26,53,8,5.23,clear sky
208,Mehamn,NO,2022-02-21 16:10:11,71.0357,27.8492,17.51,86,0,10.36,clear sky
209,Manyana,BW,2022-02-21 16:10:11,-23.4,21.7167,90.28,23,55,7.54,broken clouds
210,Marsaxlokk,MT,2022-02-21 16:10:11,35.8419,14.5431,58.08,82,75,23.02,broken clouds
211,Vyazma,RU,2022-02-21 16:10:12,55.2104,34.2951,32.52,98,100,13.47,light snow
212,Khuzdar,PK,2022-02-21 16:10:12,27.7384,66.6434,69.24,21,0,13.18,clear sky
213,Ust-Koksa,RU,2022-02-21 16:10:12,50.2696,85.6108,7.7,80,3,1.23,clear sky
214,Harper,LR,2022-02-21 16:10:13,4.375,-7.7169,83.61,73,86,9.82,overcast clouds
215,Davidson,US,2022-02-21 16:07:30,36.1501,-86.7833,63.05,37,75,13.8,broken clouds
216,Roebourne,AU,2022-02-21 16:10:13,-20.7833,117.1333,86.2,66,80,8.34,broken clouds
217,Bozeman,US,2022-02-21 16:10:13,45.6796,-111.0386,3.88,78,100,11.99,overcast clouds
218,Westport,US,2022-02-21 16:05:49,41.1415,-73.3579,47.75,60,66,3.0,broken clouds
219,Suzdal,RU,2022-02-21 16:10:14,56.4281,40.4414,31.19,94,100,8.23,overcast clouds
220,Asfi,MA,2022-02-21 16:10:14,32.2994,-9.2372,69.49,58,0,14.76,clear sky
221,Guerrero Negro,MX,2022-02-21 16:10:14,27.9769,-114.0611,60.03,56,27,14.07,scattered clouds
222,Kununurra,AU,2022-02-21 16:10:15,-15.7667,128.7333,78.78,83,39,3.44,scattered clouds
223,Deputatskiy,RU,2022-02-21 16:10:15,69.3,139.9,-26.09,82,81,5.68,broken clouds
224,Marfino,RU,2022-02-21 16:10:15,55.7028,37.3822,35.85,81,75,8.95,snow
225,Flinders,AU,2022-02-21 16:10:16,-34.5833,150.8552,72.21,89,100,5.99,overcast clouds
226,Azangaro,PE,2022-02-21 16:10:16,-14.9167,-70.2167,58.33,42,67,1.66,broken clouds
227,Anori,BR,2022-02-21 16:10:16,-3.7728,-61.6442,80.67,81,100,3.33,overcast clouds
228,Dingle,PH,2022-02-21 16:10:16,10.9995,122.6711,74.41,90,99,6.82,light rain
229,Abha,SA,2022-02-21 16:11:17,18.2164,42.5053,64.65,18,0,8.05,clear sky
230,Pisco,PE,2022-02-21 16:11:17,-13.7,-76.2167,71.65,83,75,10.36,mist
231,Roma,US,2022-02-21 16:11:18,43.2128,-75.4557,46.87,36,40,3.44,scattered clouds
232,Mareeba,AU,2022-02-21 16:09:17,-17.0,145.4333,75.92,95,32,2.3,scattered clouds
233,Aksu,CN,2022-02-21 16:11:18,41.1231,80.2644,31.89,40,0,4.9,clear sky
234,Marsa Matruh,EG,2022-02-21 16:11:19,31.3525,27.2453,64.87,55,73,4.68,broken clouds
235,Hegra,NO,2022-02-21 16:11:19,63.4644,11.114,29.41,86,75,3.44,light snow
236,Caravelas,BR,2022-02-21 16:11:19,-17.7125,-39.2481,86.02,57,35,10.04,scattered clouds
237,Chokurdakh,RU,2022-02-21 16:11:20,70.6333,147.9167,-44.46,100,55,3.91,broken clouds
238,Sitka,US,2022-02-21 16:11:20,57.0531,-135.33,28.29,50,0,0.0,clear sky
239,Lowestoft,GB,2022-02-21 16:11:21,52.4752,1.7516,52.05,70,8,21.3,clear sky
240,Jiayuguan,CN,2022-02-21 16:11:21,39.8167,98.3,21.58,57,1,4.45,clear sky
241,Salalah,OM,2022-02-21 16:11:21,17.0151,54.0924,77.09,69,0,4.61,clear sky
242,Tuktoyaktuk,CA,2022-02-21 16:11:22,69.4541,-133.0374,-20.02,93,8,10.13,clear sky
243,Aguimes,ES,2022-02-21 16:11:22,27.9054,-15.4461,63.66,59,40,8.05,scattered clouds
244,Tres Arroyos,AR,2022-02-21 16:11:22,-38.3739,-60.2798,75.29,43,20,14.67,few clouds
245,Hirado,JP,2022-02-21 16:11:23,33.3597,129.5531,43.39,51,100,20.11,overcast clouds
246,Datong,CN,2022-02-21 16:11:23,40.0936,113.2914,5.45,83,3,3.96,clear sky
247,Usinsk,RU,2022-02-21 16:11:23,65.9939,57.5281,24.08,97,100,7.92,overcast clouds
248,Kloulklubed,PW,2022-02-21 16:11:24,7.0419,134.2556,81.1,80,99,24.87,overcast clouds
249,Ulladulla,AU,2022-02-21 16:11:24,-35.35,150.4667,65.77,90,100,5.75,overcast clouds
250,Agutaya,PH,2022-02-21 16:11:24,11.148,120.9417,80.55,81,97,23.58,overcast clouds
251,Mandalgovi,MN,2022-02-21 16:11:25,45.7625,106.2708,5.77,67,0,8.05,clear sky
252,Hasaki,JP,2022-02-21 16:11:25,35.7333,140.8333,36.0,41,6,23.13,clear sky
253,Nautanwa,IN,2022-02-21 16:11:26,27.4333,83.4167,58.59,47,0,3.47,clear sky
254,Bud,US,2022-02-21 16:11:26,39.447,-86.1758,55.69,56,63,11.25,broken clouds
255,Kurayoshi,JP,2022-02-21 16:11:26,35.4333,133.8167,28.99,74,69,9.95,broken clouds
256,Clyde River,CA,2022-02-21 16:10:53,70.4692,-68.5914,-21.39,91,99,3.62,overcast clouds
257,Quchan,IR,2022-02-21 16:11:27,37.106,58.5095,36.36,96,100,9.48,overcast clouds
258,Sao Joao Da Barra,BR,2022-02-21 16:11:27,-21.6403,-41.0511,89.69,80,53,5.86,broken clouds
259,Kiama,AU,2022-02-21 16:11:27,-34.6833,150.8667,72.0,92,100,3.0,overcast clouds
260,Tuatapere,NZ,2022-02-21 16:11:28,-46.1333,167.6833,57.36,77,100,10.87,overcast clouds
261,Ponta Do Sol,PT,2022-02-21 16:11:28,32.6667,-17.1,68.13,52,57,11.54,broken clouds
262,Almaty,KZ,2022-02-21 16:10:31,43.25,76.95,28.31,80,5,4.47,mist
263,Cam Ranh,VN,2022-02-21 16:11:28,11.9214,109.1591,71.56,73,40,28.77,scattered clouds
264,Sinnamary,GF,2022-02-21 16:11:29,5.3833,-52.95,79.54,87,58,9.93,heavy intensity rain
265,Luorong,CN,2022-02-21 16:11:29,24.4058,109.6086,40.12,82,100,10.16,overcast clouds
266,Nesna,NO,2022-02-21 16:11:29,66.1967,13.0213,24.91,65,33,6.62,scattered clouds
267,Dera Bugti,PK,2022-02-21 16:11:30,29.0307,69.151,75.51,17,0,9.53,clear sky
268,Iqaluit,CA,2022-02-21 16:11:30,63.7506,-68.5145,-15.92,92,99,9.28,overcast clouds
269,Lukovetskiy,RU,2022-02-21 16:11:30,64.2956,41.9211,21.18,97,99,3.78,light snow
270,Ganzhou,CN,2022-02-21 16:11:31,28.8184,115.4327,40.24,78,97,0.47,overcast clouds
271,Kulob,TJ,2022-02-21 16:11:31,37.9145,69.783,56.16,28,91,13.42,overcast clouds
272,Ust-Kuyga,RU,2022-02-21 16:11:31,70.0167,135.6,-19.26,88,100,6.73,overcast clouds
273,Ternate,ID,2022-02-21 16:12:32,0.8,127.4,77.04,90,100,23.67,heavy intensity rain
274,Isla Vista,US,2022-02-21 16:12:32,34.4133,-119.861,55.67,67,0,7.0,clear sky
275,Bontang,ID,2022-02-21 16:12:32,0.1333,117.5,77.02,82,100,2.51,overcast clouds
276,Bandarbeyla,SO,2022-02-21 16:12:33,9.4942,50.8122,78.13,75,1,15.57,clear sky
277,Mao,ES,2022-02-21 16:12:33,39.8885,4.2658,59.56,67,0,14.97,clear sky
278,Ribeira Grande,PT,2022-02-21 16:12:33,38.5167,-28.7,61.2,59,75,6.91,broken clouds
279,Khandbari,NP,2022-02-21 16:12:33,27.3747,87.2039,49.86,69,60,4.27,broken clouds
280,Port Said,EG,2022-02-21 16:12:34,31.2565,32.2841,61.11,70,49,9.19,scattered clouds
281,Olafsvik,IS,2022-02-21 16:12:34,64.8945,-23.7142,35.78,98,100,27.04,moderate rain
282,Great Falls,US,2022-02-21 16:10:28,47.5002,-111.3008,0.55,73,100,9.22,overcast clouds
283,Locri,IT,2022-02-21 16:12:34,38.2414,16.2623,60.39,76,7,14.74,clear sky
284,El Tigre,VE,2022-02-21 16:12:35,8.8875,-64.2454,89.13,35,6,11.39,clear sky
285,Vardo,NO,2022-02-21 16:12:35,70.3705,31.1107,23.2,59,100,14.32,overcast clouds
286,Keti Bandar,PK,2022-02-21 16:12:35,24.1447,67.4497,73.74,74,0,19.01,clear sky
287,Waltershausen,DE,2022-02-21 16:12:36,50.9,10.5667,40.23,91,97,24.54,overcast clouds
288,Matara,LK,2022-02-21 16:12:36,5.9485,80.5353,79.56,79,54,1.5,broken clouds
289,Saint-Francois,FR,2022-02-21 16:12:36,46.4154,3.9054,46.67,73,75,19.57,broken clouds
290,Nyagan,RU,2022-02-21 16:12:37,62.1406,65.3936,28.24,95,100,6.87,overcast clouds
291,Sterling,US,2022-02-21 16:12:37,39.0062,-77.4286,58.33,31,20,6.91,few clouds
292,Touros,BR,2022-02-21 16:12:37,-5.1989,-35.4608,88.7,59,86,15.05,overcast clouds
293,Fortuna,US,2022-02-21 16:12:38,40.5982,-124.1573,40.32,93,75,0.0,broken clouds
294,Chicama,PE,2022-02-21 16:12:38,-7.8447,-79.1469,68.54,62,67,8.01,broken clouds
295,Nemuro,JP,2022-02-21 16:12:38,43.3236,145.575,22.66,79,99,35.77,overcast clouds
296,Grand Gaube,MU,2022-02-21 16:12:38,-20.0064,57.6608,81.37,85,69,8.99,broken clouds
297,Yerbogachen,RU,2022-02-21 16:12:39,61.2767,108.0108,12.74,94,86,7.94,overcast clouds
298,Dera Ghazi Khan,PK,2022-02-21 16:12:39,30.0561,70.6348,69.62,19,2,6.15,clear sky
299,Cherskiy,RU,2022-02-21 16:12:39,68.75,161.3,-50.35,100,98,4.74,overcast clouds
300,Nikolayevka,RU,2022-02-21 16:12:40,53.1257,47.2041,31.66,92,100,8.79,overcast clouds
301,Sindor,RU,2022-02-21 16:12:40,62.8629,51.8905,20.25,92,100,10.69,overcast clouds
302,Zyryanka,RU,2022-02-21 16:12:40,65.75,150.85,-45.62,100,58,3.91,broken clouds
303,Warmbad,NA,2022-02-21 16:12:40,-28.45,18.7333,88.84,11,0,8.68,clear sky
304,Charcas,MX,2022-02-21 16:12:41,23.1333,-101.1167,63.77,45,4,4.88,clear sky
305,Pudozh,RU,2022-02-21 16:12:41,61.8099,36.5345,21.54,94,98,2.42,overcast clouds
306,Katherine,AU,2022-02-21 16:12:41,-14.4667,132.2667,80.92,69,60,6.91,broken clouds
307,Batabano,CU,2022-02-21 16:12:42,22.7164,-82.2881,83.01,57,5,12.57,clear sky
308,Baglan,AF,2022-02-21 16:12:42,36.1307,68.7083,55.78,35,85,0.74,overcast clouds
309,Phan Thiet,VN,2022-02-21 16:12:42,10.9333,108.1,75.22,86,85,5.91,overcast clouds
310,Alofi,NU,2022-02-21 16:12:43,-19.0595,-169.9187,75.09,94,75,6.91,broken clouds
311,Valley City,US,2022-02-21 16:09:33,46.9233,-98.0032,-6.61,77,100,19.57,haze
312,Milkovo,RU,2022-02-21 16:12:43,54.7167,158.6167,-1.19,98,100,4.68,overcast clouds
313,Rio De Janeiro,BR,2022-02-21 16:12:43,-22.9028,-43.2075,91.9,67,20,8.05,few clouds
314,Labrea,BR,2022-02-21 16:12:44,-7.2586,-64.7981,75.63,95,100,3.02,overcast clouds
315,Vestmannaeyjar,IS,2022-02-21 16:12:44,63.4427,-20.2734,40.19,87,100,50.64,heavy intensity rain
316,Khatanga,RU,2022-02-21 16:12:44,71.9667,102.5,11.5,91,100,7.18,overcast clouds
317,Narsaq,GL,2022-02-21 16:12:45,60.9167,-46.05,3.42,67,0,3.36,clear sky
318,Minbu,MM,2022-02-21 16:13:45,20.1833,94.8833,70.57,63,11,5.26,few clouds
319,Kedrovyy,RU,2022-02-21 16:13:45,56.1667,91.8167,5.41,96,18,4.34,few clouds
320,Kishi,NG,2022-02-21 16:13:46,9.0833,3.85,96.49,12,94,4.61,overcast clouds
321,Isangel,VU,2022-02-21 16:13:46,-19.55,169.2667,79.23,84,100,6.44,overcast clouds
322,Port Hardy,CA,2022-02-21 16:13:46,50.6996,-127.4199,37.76,79,14,2.71,few clouds
323,Ligayan,PH,2022-02-21 16:10:10,4.6533,119.4706,77.05,82,100,5.23,moderate rain
324,Bressanone,IT,2022-02-21 16:13:46,46.715,11.656,44.73,72,95,5.12,overcast clouds
325,Cockburn Town,TC,2022-02-21 16:13:47,21.4612,-71.1419,77.07,73,4,15.79,clear sky
326,Dulce Nombre De Culmi,HN,2022-02-21 16:13:47,15.1,-85.5333,84.43,56,29,4.99,scattered clouds
327,Madera,US,2022-02-21 16:11:01,37.1666,-119.8343,50.07,91,12,3.42,few clouds
328,Beringovskiy,RU,2022-02-21 16:12:17,63.05,179.3167,-3.64,98,100,14.79,light snow
329,Longyearbyen,SJ,2022-02-21 16:13:47,78.2186,15.6401,-4.16,77,20,4.61,few clouds
330,Halifax,CA,2022-02-21 16:10:44,44.6453,-63.5724,47.41,70,78,15.01,broken clouds
331,Hamilton,US,2022-02-21 16:13:48,39.1834,-84.5333,58.05,40,0,10.36,clear sky
332,Nizwa,OM,2022-02-21 16:13:48,22.9333,57.5333,73.87,31,0,4.81,clear sky
333,Glazov,RU,2022-02-21 16:13:48,58.1394,52.6584,25.34,94,100,7.96,overcast clouds
334,Paracuru,BR,2022-02-21 16:13:49,-3.41,-39.0306,87.82,56,65,14.92,broken clouds
335,Taoudenni,ML,2022-02-21 16:13:49,22.6783,-3.9836,94.21,7,100,3.6,overcast clouds
336,Logan Lake,CA,2022-02-21 16:13:49,50.4998,-120.8025,4.23,99,100,7.27,overcast clouds
337,Srednekolymsk,RU,2022-02-21 16:13:49,67.45,153.6833,-46.55,100,61,3.8,broken clouds
338,Imbituba,BR,2022-02-21 16:13:50,-28.24,-48.6703,87.69,75,75,4.32,broken clouds
339,Aswan,EG,2022-02-21 16:13:50,24.0934,32.907,72.73,21,21,11.3,few clouds
340,Coquimbo,CL,2022-02-21 16:13:50,-29.9533,-71.3436,67.73,68,20,14.97,few clouds
341,Grootfontein,NA,2022-02-21 16:13:51,-19.5667,18.1167,76.78,55,53,12.33,light rain
342,Moses Lake,US,2022-02-21 16:13:51,47.1301,-119.2781,32.68,86,75,5.75,broken clouds
343,Coihaique,CL,2022-02-21 16:11:02,-45.5752,-72.0662,60.91,47,75,9.22,broken clouds
344,Huesca,ES,2022-02-21 16:13:51,42.1362,-0.4087,59.95,41,0,28.77,clear sky
345,Yarkovo,RU,2022-02-21 16:13:52,57.4028,67.0786,30.52,90,100,10.16,overcast clouds
346,Tyup,KG,2022-02-21 16:13:52,42.7276,78.3648,16.81,57,1,5.48,clear sky
347,Ostrovnoy,RU,2022-02-21 16:13:52,68.0531,39.5131,24.4,91,100,13.31,light snow
348,Wanaka,NZ,2022-02-21 16:13:52,-44.7,169.15,50.45,88,57,6.33,broken clouds
349,Praxedis Guerrero,MX,2022-02-21 16:13:53,31.3667,-106.0167,55.74,24,100,4.56,overcast clouds
350,Bonthe,SL,2022-02-21 16:13:53,7.5264,-12.505,86.25,62,49,14.27,scattered clouds
351,Ancud,CL,2022-02-21 16:13:53,-41.8697,-73.8203,67.53,47,2,11.16,clear sky
352,Seoul,KR,2022-02-21 16:10:58,37.5683,126.9778,26.04,33,31,10.92,scattered clouds
353,Bima,ID,2022-02-21 16:13:54,-8.4667,118.7167,73.94,95,100,1.25,light rain
354,Cairns,AU,2022-02-21 16:13:54,-16.9167,145.7667,80.55,91,75,5.75,broken clouds
355,Zhuzhou,CN,2022-02-21 16:13:54,27.8333,113.15,37.9,92,100,1.88,overcast clouds
356,Port Lincoln,AU,2022-02-21 16:13:55,-34.7333,135.8667,60.85,66,91,13.76,overcast clouds
357,Mogadishu,SO,2022-02-21 16:13:55,2.0371,45.3438,79.63,72,65,18.52,broken clouds
358,Nome,US,2022-02-21 16:13:55,64.5011,-165.4064,33.87,87,100,26.46,snow
359,Houma,US,2022-02-21 16:13:32,29.5958,-90.7195,75.0,85,40,14.97,scattered clouds
360,Gat,IL,2022-02-21 16:13:56,31.61,34.7642,61.39,100,27,3.96,scattered clouds
361,Linxia,CN,2022-02-21 16:13:56,35.6003,103.2064,17.13,78,100,3.91,overcast clouds
362,Hercules,US,2022-02-21 16:13:56,38.0171,-122.2886,49.35,70,4,7.0,clear sky
363,Lamar,US,2022-02-21 16:13:56,33.6668,-95.5836,63.52,94,100,5.75,mist
364,Broome,US,2022-02-21 16:13:57,42.2506,-75.833,48.79,44,0,7.0,clear sky
365,Huatulco,MX,2022-02-21 16:14:57,15.8436,-96.3267,86.86,44,0,8.05,clear sky
366,Biak,ID,2022-02-21 16:14:58,-0.9131,122.8766,74.16,81,100,4.5,overcast clouds
367,Mayumba,GA,2022-02-21 16:14:58,-3.432,10.6554,81.93,74,100,7.9,light rain
368,Lavrentiya,RU,2022-02-21 16:14:58,65.5833,-171.0,18.18,96,100,9.8,snow
369,Krasnoselkup,RU,2022-02-21 16:14:59,65.7,82.4667,13.1,91,100,15.57,overcast clouds
370,Tadine,NC,2022-02-21 16:14:59,-21.55,167.8833,78.24,86,99,8.03,overcast clouds
371,San Quintin,MX,2022-02-21 16:14:59,30.4833,-115.95,56.93,62,99,10.49,overcast clouds
372,Sao Felix Do Xingu,BR,2022-02-21 16:13:27,-6.6447,-51.995,85.95,66,49,3.71,scattered clouds
373,Katsuura,JP,2022-02-21 16:14:59,35.1333,140.3,37.51,45,22,9.64,few clouds
374,Berbera,SO,2022-02-21 16:15:00,10.4396,45.0143,76.69,71,93,3.78,overcast clouds
375,Gualdo Tadino,IT,2022-02-21 16:15:00,43.2317,12.781,53.51,86,100,4.0,light rain
376,Uspenka,UA,2022-02-21 16:15:00,48.3903,39.1619,41.22,65,41,7.0,scattered clouds
377,Pagudpud,PH,2022-02-21 16:15:01,18.5616,120.7868,74.34,91,99,18.63,overcast clouds
378,Oktyabrskiy,RU,2022-02-21 16:15:01,54.4815,53.471,24.94,97,100,4.92,overcast clouds
379,Nabire,ID,2022-02-21 16:15:01,-3.3667,135.4833,76.15,85,100,2.93,light rain
380,Quatre Cocos,MU,2022-02-21 16:15:02,-20.2078,57.7625,81.09,88,63,20.71,light rain
381,Simav,TR,2022-02-21 16:15:02,39.0882,28.9777,48.61,69,21,4.45,few clouds
382,Catuday,PH,2022-02-21 16:15:02,16.2923,119.8062,78.46,76,93,5.08,overcast clouds
383,Ekpoma,NG,2022-02-21 16:15:03,6.7421,6.139,98.6,15,19,5.37,few clouds
384,Diego De Almagro,CL,2022-02-21 16:15:03,-26.3667,-70.05,80.08,24,0,9.28,clear sky
385,Tiverton,GB,2022-02-21 16:15:03,50.9,-3.4833,51.55,69,40,21.85,scattered clouds
386,Hailey,US,2022-02-21 16:15:04,43.5196,-114.3153,19.26,60,0,9.22,clear sky
387,Manaure,CO,2022-02-21 16:15:04,11.7751,-72.4445,87.91,49,8,18.34,clear sky
388,Xining,CN,2022-02-21 16:15:04,36.6167,101.7667,19.67,48,99,4.03,overcast clouds
389,San Carlos Del Zulia,VE,2022-02-21 16:15:05,9.0,-71.9135,86.52,49,27,5.66,scattered clouds
390,Kodinsk,RU,2022-02-21 16:15:05,58.6881,99.1844,6.31,100,96,3.98,overcast clouds
391,Bolu,TR,2022-02-21 16:15:05,40.6667,31.5833,41.23,85,9,3.71,clear sky
392,Dzaoudzi,YT,2022-02-21 16:15:06,-12.7887,45.2699,84.09,84,75,12.66,broken clouds
393,Gizo,SB,2022-02-21 16:15:06,-8.103,156.8419,82.67,75,100,3.4,light rain
394,Turukhansk,RU,2022-02-21 16:15:06,65.8167,87.9833,14.88,86,100,16.96,overcast clouds
395,Okakarara,NA,2022-02-21 16:15:06,-20.5833,17.4333,76.48,56,78,13.13,broken clouds
396,Marzuq,YE,2022-02-21 16:15:07,14.4,46.4667,72.07,22,78,9.98,broken clouds
397,Dawlatabad,AF,2022-02-21 16:15:07,36.4141,64.9053,53.28,56,100,4.74,overcast clouds
398,Atasu,KZ,2022-02-21 16:15:07,48.6814,71.6433,10.51,94,62,3.53,broken clouds
399,Erenhot,CN,2022-02-21 16:15:08,43.6475,111.9767,0.12,81,2,7.27,clear sky
400,Marienburg,PL,2022-02-21 16:15:08,54.0359,19.0266,41.11,75,46,23.67,scattered clouds
401,Havre-Saint-Pierre,CA,2022-02-21 16:15:08,50.2334,-63.5986,21.79,79,0,31.07,clear sky
402,Warangal,IN,2022-02-21 16:15:09,18.0,79.5833,76.55,23,7,5.12,clear sky
403,Greeley,US,2022-02-21 16:15:09,40.4233,-104.7091,54.95,54,0,11.5,clear sky
404,Hibbing,US,2022-02-21 16:15:09,47.4272,-92.9377,1.0,46,100,11.5,overcast clouds
405,Mandapeta,IN,2022-02-21 16:15:10,16.8667,81.9333,77.34,83,82,1.88,broken clouds
406,Gualeguaychu,AR,2022-02-21 16:15:10,-33.0094,-58.5172,82.04,32,0,15.05,clear sky
407,Stromness,GB,2022-02-21 16:15:10,58.965,-3.296,43.05,55,25,21.99,scattered clouds
408,Hailar,CN,2022-02-21 16:15:11,49.2,119.7,-20.36,100,86,2.64,overcast clouds
409,Beloha,MG,2022-02-21 16:16:13,-25.1667,45.05,77.59,80,0,16.96,clear sky
410,Sokoto,NG,2022-02-21 16:16:14,13.0609,5.239,91.45,7,94,13.89,overcast clouds
411,Blythe,US,2022-02-21 16:16:15,33.6103,-114.5964,60.03,50,95,16.46,overcast clouds
412,Sembe,CG,2022-02-21 16:16:15,1.6481,14.5806,85.75,41,98,2.21,overcast clouds
413,Kijang,KR,2022-02-21 16:16:15,35.2442,129.2139,37.13,59,75,14.79,broken clouds
414,Campbell River,CA,2022-02-21 16:16:13,50.0163,-125.2446,37.26,80,20,6.91,few clouds
415,Andenes,NO,2022-02-21 16:16:16,69.3143,16.1194,21.38,73,0,8.05,clear sky
416,Baykit,RU,2022-02-21 16:16:16,61.67,96.37,3.97,100,100,2.19,overcast clouds
417,Awbari,LY,2022-02-21 16:16:16,26.5921,12.7805,80.49,7,26,5.1,scattered clouds
418,Aberdeen,GB,2022-02-21 16:16:16,57.1437,-2.0981,43.29,75,10,17.27,clear sky
419,Chara,RU,2022-02-21 16:16:17,56.9064,118.2631,-4.25,83,99,1.92,overcast clouds
420,Cabudare,VE,2022-02-21 16:16:17,10.0289,-69.0894,87.82,39,15,5.93,few clouds
421,Kencong,ID,2022-02-21 16:16:17,-8.2833,113.3667,75.06,92,100,2.66,overcast clouds
422,Lagoa,PT,2022-02-21 16:16:18,39.05,-27.9833,55.76,57,100,4.97,overcast clouds
423,Taltal,CL,2022-02-21 16:16:18,-25.4,-70.4833,71.85,69,1,6.73,clear sky
424,Nouakchott,MR,2022-02-21 16:14:57,18.0858,-15.9785,89.53,41,97,11.95,overcast clouds
425,Marawi,PH,2022-02-21 16:16:18,7.9986,124.2928,67.64,88,100,2.51,overcast clouds
426,Umm Kaddadah,SD,2022-02-21 16:16:19,13.6017,26.6876,75.61,11,26,11.92,scattered clouds
427,Pishin,PK,2022-02-21 16:16:19,30.5803,66.9961,58.59,40,28,4.5,scattered clouds
428,Obidos,BR,2022-02-21 16:16:19,-1.9175,-55.5181,88.77,56,25,5.64,scattered clouds
429,La Sarre,CA,2022-02-21 16:16:14,48.8002,-79.1996,-13.83,77,58,5.03,broken clouds
430,Sergeyevka,KZ,2022-02-21 16:16:20,53.88,67.4158,30.52,86,97,12.68,overcast clouds
431,Lyubech,UA,2022-02-21 16:16:20,51.7026,30.6569,41.05,91,100,17.9,overcast clouds
432,Amuntai,ID,2022-02-21 16:16:21,-2.4177,115.2494,72.88,94,94,1.79,overcast clouds
433,Hobyo,SO,2022-02-21 16:16:21,5.3505,48.5268,78.53,78,19,16.42,few clouds
434,Tazmalt,DZ,2022-02-21 16:16:22,36.3868,4.3989,63.0,42,36,6.73,scattered clouds
435,Qinggang,CN,2022-02-21 16:16:22,46.6833,126.0833,-13.41,99,17,6.53,few clouds
436,Singkang,MY,2022-02-21 16:16:22,2.1006,102.7994,76.89,92,88,3.69,overcast clouds
437,Quesnel,CA,2022-02-21 16:15:54,52.9999,-122.5029,0.1,55,0,16.11,clear sky
438,Fatehpur,IN,2022-02-21 16:16:23,25.9333,80.8,61.38,33,0,4.74,clear sky
439,Bourail,NC,2022-02-21 16:16:23,-21.5667,165.4833,77.68,88,97,5.03,overcast clouds
440,Chikola,RU,2022-02-21 16:16:23,43.1906,43.9209,41.85,95,99,3.8,overcast clouds
441,Chiltepec,MX,2022-02-21 16:16:24,18.4847,-96.9019,77.14,49,1,3.78,clear sky
442,Hambantota,LK,2022-02-21 16:16:24,6.1241,81.1185,79.56,78,21,3.18,few clouds
443,Mujiayingzi,CN,2022-02-21 16:16:25,42.1167,118.7833,1.92,73,2,8.99,clear sky
444,Guamuchil,MX,2022-02-21 16:16:25,25.4667,-108.1,73.17,39,5,1.9,clear sky
445,Puerto Escondido,MX,2022-02-21 16:16:25,15.85,-97.0667,86.83,74,0,6.91,clear sky
446,Luderitz,NA,2022-02-21 16:16:26,-26.6481,15.1594,78.17,49,3,25.19,clear sky
447,Berlevag,NO,2022-02-21 16:16:26,70.8578,29.0864,17.55,86,40,9.22,scattered clouds
448,Rio Gallegos,AR,2022-02-21 16:12:38,-51.6226,-69.2181,66.25,34,0,13.8,clear sky
449,Dauriya,RU,2022-02-21 16:16:27,49.9333,116.8667,-19.55,100,29,2.04,scattered clouds
450,Skibbereen,IE,2022-02-21 16:16:27,51.55,-9.2667,51.6,81,75,13.33,broken clouds
451,Altay,CN,2022-02-21 16:16:27,47.8667,88.1167,15.44,57,0,8.41,clear sky
452,Goroka,PG,2022-02-21 16:16:28,-6.0834,145.3873,60.76,97,90,1.43,overcast clouds
453,Sinazongwe,ZM,2022-02-21 16:16:28,-17.2614,27.4618,83.89,65,22,7.99,few clouds
454,Matagami,CA,2022-02-21 16:16:28,49.7502,-77.6328,-16.49,63,0,3.44,clear sky
455,Atagay,RU,2022-02-21 16:12:10,55.1033,99.3875,9.14,98,64,4.68,broken clouds
456,Monte Azul,BR,2022-02-21 16:17:29,-15.155,-42.8747,84.9,53,100,3.49,overcast clouds
457,Ransang,PH,2022-02-21 16:17:29,8.9603,117.5828,77.4,81,97,3.44,overcast clouds
458,San Joaquin,US,2022-02-21 16:17:29,37.9333,-121.3011,49.23,65,0,11.5,clear sky
459,Marsh Harbour,BS,2022-02-21 16:17:30,26.5412,-77.0636,72.99,61,13,14.83,few clouds
460,Sur,OM,2022-02-21 16:17:30,22.5667,59.5289,74.73,60,0,4.88,clear sky
461,Svelgen,NO,2022-02-21 16:17:30,61.7685,5.2955,37.33,78,57,16.62,broken clouds
462,Sanghar,PK,2022-02-21 16:17:31,26.0466,68.9481,78.87,32,0,21.45,clear sky
463,Zaragoza,ES,2022-02-21 16:17:31,41.6561,-0.8773,63.01,37,20,26.46,few clouds
464,Coronel Oviedo,PY,2022-02-21 16:17:31,-25.4167,-56.45,86.31,53,88,2.77,overcast clouds
465,Coahuayana,MX,2022-02-21 16:17:32,18.7333,-103.6833,85.48,24,1,1.48,clear sky
466,Kyzyl-Suu,KG,2022-02-21 16:17:32,42.3414,78.0056,19.6,54,9,11.12,clear sky
467,Chernyshevskiy,RU,2022-02-21 16:17:32,63.0128,112.4714,9.34,92,42,9.69,scattered clouds
468,Rawah,IQ,2022-02-21 16:17:33,34.4816,41.9093,60.22,56,92,6.85,overcast clouds
469,Hofn,IS,2022-02-21 16:16:28,64.2539,-15.2082,35.62,75,100,18.41,overcast clouds
470,Takoradi,GH,2022-02-21 16:17:33,4.8845,-1.7554,86.2,66,40,11.12,light rain
471,Belyy Yar,RU,2022-02-21 16:17:33,53.6039,91.3903,1.29,85,20,2.24,mist
472,Makaha,US,2022-02-21 16:17:39,21.4694,-158.2175,73.31,88,100,6.91,light intensity drizzle
473,Ingleside,US,2022-02-21 16:17:39,27.8778,-97.2117,76.06,93,0,23.02,mist
474,Huilong,CN,2022-02-21 16:17:40,31.8111,121.655,42.04,52,98,6.11,overcast clouds
475,Inhambane,MZ,2022-02-21 16:17:40,-23.865,35.3833,80.6,71,5,14.14,clear sky
476,Mana,GF,2022-02-21 16:17:40,5.6592,-53.7767,81.3,79,18,9.57,few clouds
477,Bonavista,CA,2022-02-21 16:17:41,48.6499,-53.1147,32.0,75,100,27.31,overcast clouds
478,Harnosand,SE,2022-02-21 16:17:41,62.6323,17.9379,23.02,90,100,24.02,overcast clouds
479,Neryungri,RU,2022-02-21 16:17:41,56.6709,124.6491,-8.72,97,100,1.28,overcast clouds
480,Esmeraldas,BR,2022-02-21 16:17:42,-19.7625,-44.3139,82.51,71,60,3.74,broken clouds
481,Mandiana,GN,2022-02-21 16:17:42,10.6333,-8.6833,100.71,18,59,2.39,broken clouds
482,Akyab,MM,2022-02-21 16:17:42,20.15,92.9,71.46,83,82,3.51,broken clouds
483,Tiarei,PF,2022-02-21 16:17:43,-17.5333,-149.3333,73.42,73,81,20.45,broken clouds
484,Ailigandi,PA,2022-02-21 16:17:43,9.2333,-78.0167,79.9,76,89,17.43,overcast clouds
485,Oneonta,US,2022-02-21 16:17:43,42.4529,-75.0638,50.79,48,25,5.79,scattered clouds
486,Elbrus,RU,2022-02-21 16:17:43,43.2577,42.6443,22.68,98,97,6.33,overcast clouds
487,Ndjole,GA,2022-02-21 16:17:44,-0.1783,10.7649,85.05,68,96,4.65,light rain
488,Dinghai,CN,2022-02-21 16:17:44,26.2847,119.7936,43.72,82,100,20.27,overcast clouds
489,Gayny,RU,2022-02-21 16:17:45,60.3071,54.3241,24.04,91,100,9.75,overcast clouds
490,Fulnek,CZ,2022-02-21 16:17:45,49.7124,17.9032,45.01,50,0,12.66,clear sky
491,Portales,US,2022-02-21 16:17:45,34.1862,-103.3344,55.33,15,87,20.36,overcast clouds
492,Cayenne,GF,2022-02-21 16:17:46,4.9333,-52.3333,73.44,94,75,10.36,heavy intensity rain
493,Fuerte Olimpo,PY,2022-02-21 16:17:46,-21.0415,-57.8738,95.45,38,25,7.58,scattered clouds
494,Tolaga Bay,NZ,2022-02-21 16:17:46,-38.3667,178.3,61.38,90,25,5.64,scattered clouds
495,Bilibino,RU,2022-02-21 16:17:46,68.0546,166.4372,-35.54,99,82,1.25,broken clouds
496,Beira,MZ,2022-02-21 16:17:47,-19.8436,34.8389,84.29,74,40,13.8,scattered clouds
497,Linkoping,SE,2022-02-21 16:17:47,58.4109,15.6216,33.19,97,75,18.41,light snow
498,Fukue,JP,2022-02-21 16:17:47,32.6881,128.8419,46.69,55,100,20.18,overcast clouds
499,Portland,US,2022-02-21 16:14:59,45.5234,-122.6762,39.42,91,100,7.0,overcast clouds
500,Konevo,RU,2022-02-21 16:17:48,62.1215,39.3192,23.54,92,100,3.24,overcast clouds
501,Benguela,AO,2022-02-21 16:17:48,-12.5763,13.4055,80.55,67,98,4.32,overcast clouds
502,Ponta Delgada,PT,2022-02-21 16:17:48,37.7333,-25.6667,61.52,51,20,9.22,few clouds
503,Caarapo,BR,2022-02-21 16:18:49,-22.6342,-54.8222,95.61,29,12,7.52,few clouds
504,Soe,ID,2022-02-21 16:18:49,-9.8607,124.284,65.97,96,100,1.34,overcast clouds
505,Margate,GB,2022-02-21 16:18:50,51.3813,1.3862,52.3,66,32,10.0,scattered clouds
506,Khasan,RU,2022-02-21 16:18:50,42.4308,130.6434,14.29,66,46,12.12,scattered clouds
507,Pangnirtung,CA,2022-02-21 16:18:50,66.1451,-65.7125,-31.0,75,20,2.3,few clouds
508,Urubicha,BO,2022-02-21 16:18:51,-15.3833,-62.95,79.27,82,93,4.83,light rain
509,Yanji,CN,2022-02-21 16:18:51,42.9075,129.5078,5.68,83,49,7.92,scattered clouds
510,Hualmay,PE,2022-02-21 16:18:51,-11.0964,-77.6139,73.9,77,100,6.24,overcast clouds
511,Francisco Beltrao,BR,2022-02-21 16:18:52,-26.0811,-53.055,72.88,86,97,3.15,overcast clouds
512,Bandiagara,ML,2022-02-21 16:18:52,14.3501,-3.6104,95.94,6,6,14.85,clear sky
513,Sao Caetano De Odivelas,BR,2022-02-21 16:18:52,-0.75,-48.02,81.75,86,87,6.08,heavy intensity rain
514,Jutai,BR,2022-02-21 16:18:53,-5.1833,-68.9,82.56,80,74,4.88,broken clouds
515,Chenzhou,CN,2022-02-21 16:18:53,25.8,113.0333,35.11,96,100,2.1,overcast clouds
516,Kitimat,CA,2022-02-21 16:18:53,54.0524,-128.6534,19.78,89,27,5.75,scattered clouds
517,Pimampiro,EC,2022-02-21 16:18:54,0.4,-77.9667,64.04,73,86,2.73,light rain
518,Port Macquarie,AU,2022-02-21 16:18:54,-31.4333,152.9167,66.88,88,100,0.58,overcast clouds
519,Ilhabela,BR,2022-02-21 16:18:54,-23.7781,-45.3581,84.92,59,6,5.64,clear sky
520,Le Mars,US,2022-02-21 16:18:55,42.7942,-96.1656,35.11,80,100,13.8,overcast clouds
521,Voh,NC,2022-02-21 16:18:55,-20.9667,164.7,76.39,91,97,5.21,overcast clouds
522,Nishihara,JP,2022-02-21 16:18:55,26.1842,127.7558,58.28,68,75,11.5,broken clouds
523,Bassar,TG,2022-02-21 16:18:55,9.25,0.7833,98.6,8,69,5.17,broken clouds
524,Yumen,CN,2022-02-21 16:18:56,40.2833,97.2,19.38,59,0,5.61,clear sky
525,Kem,RU,2022-02-21 16:18:56,64.9555,34.5793,6.22,97,40,5.77,scattered clouds
526,Bobcaygeon,CA,2022-02-21 16:18:56,44.5462,-78.542,36.88,83,99,9.06,overcast clouds
527,Farap,TM,2022-02-21 16:18:57,39.1704,63.6116,55.4,30,0,13.8,clear sky
528,Sambava,MG,2022-02-21 16:18:57,-14.2667,50.1667,81.52,84,100,5.19,overcast clouds
529,Sciacca,IT,2022-02-21 16:18:58,37.5082,13.0881,56.98,82,80,21.85,broken clouds
530,Kaifeng,CN,2022-02-21 16:18:58,34.7911,114.3483,32.86,27,100,2.73,overcast clouds
531,Nazarovo,RU,2022-02-21 16:18:58,56.0064,90.3914,-0.98,95,5,4.0,clear sky
532,Nizhniy Baskunchak,RU,2022-02-21 16:18:58,48.2198,46.8311,38.1,92,100,4.27,overcast clouds
533,Genhe,CN,2022-02-21 16:18:59,50.7833,121.5167,-16.83,100,59,1.36,broken clouds
534,Sacramento,US,2022-02-21 16:16:56,38.4666,-121.3177,47.95,69,0,5.75,clear sky
535,Morgan City,US,2022-02-21 16:18:59,29.6994,-91.2068,75.0,88,100,10.36,overcast clouds
536,Verkhnetulomskiy,RU,2022-02-21 16:19:00,68.6073,31.7962,5.13,97,100,2.68,overcast clouds
537,Turiacu,BR,2022-02-21 16:19:00,-1.6633,-45.3717,81.95,79,95,7.2,overcast clouds
538,Shaunavon,CA,2022-02-21 16:19:00,49.6501,-108.4181,-9.62,89,100,7.38,overcast clouds
539,Shujalpur,IN,2022-02-21 16:19:01,23.4,76.7167,68.92,22,0,3.11,clear sky
540,Bagdarin,RU,2022-02-21 16:19:01,54.4333,113.6,0.16,90,98,3.42,overcast clouds
541,Laguna,US,2022-02-21 16:16:43,38.421,-121.4238,48.25,67,0,5.75,clear sky
542,Talara,PE,2022-02-21 16:19:02,-4.5772,-81.2719,84.96,51,40,6.91,scattered clouds
543,Kuna,US,2022-02-21 16:19:02,43.4918,-116.4201,31.73,84,100,1.01,overcast clouds
544,Saint George,US,2022-02-21 16:19:02,37.1041,-113.5841,56.95,27,0,12.66,clear sky
545,Haines Junction,CA,2022-02-21 16:19:03,60.7522,-137.5108,-18.45,76,100,1.14,overcast clouds
546,Stabat,ID,2022-02-21 16:19:03,3.761,98.4513,80.8,96,9,2.33,clear sky
547,Esil,KZ,2022-02-21 16:19:04,51.9556,66.4042,30.47,86,93,9.35,overcast clouds
548,Benjamin Hill,MX,2022-02-21 16:19:04,30.1667,-111.1,49.95,68,73,15.05,broken clouds
549,Fairbanks,US,2022-02-21 16:20:02,64.8378,-147.7164,14.22,75,100,5.75,overcast clouds
550,Kahului,US,2022-02-21 16:20:05,20.8947,-156.47,74.84,85,0,1.99,clear sky
551,Broken Hill,AU,2022-02-21 16:20:05,-31.95,141.4333,65.44,35,0,16.71,clear sky
552,Boden,SE,2022-02-21 16:20:06,65.8252,21.6886,8.6,98,86,4.23,overcast clouds
553,Rock Island,US,2022-02-21 16:20:06,41.45,-90.5168,49.68,74,0,16.11,clear sky
554,Safford,US,2022-02-21 16:20:06,32.834,-109.7076,58.12,27,0,0.0,clear sky
555,Tayoltita,MX,2022-02-21 16:20:07,24.0833,-105.9333,74.23,32,3,4.68,clear sky
556,Retiro,AR,2022-02-21 16:20:08,-34.5833,-58.3833,78.8,56,75,6.91,broken clouds
557,Muana,BR,2022-02-21 16:20:08,-1.5283,-49.2167,88.7,55,84,4.0,broken clouds
558,Homa Bay,KE,2022-02-21 16:20:08,-0.5273,34.4571,76.68,61,99,3.98,overcast clouds
559,Fort Nelson,CA,2022-02-21 16:16:13,58.8053,-122.7002,-29.61,75,0,3.44,clear sky
560,Pacific Grove,US,2022-02-21 16:20:09,36.6177,-121.9166,50.11,70,0,11.99,clear sky
561,Puerto Madryn,AR,2022-02-21 16:20:09,-42.7692,-65.0385,56.01,56,97,18.63,overcast clouds
562,Kieta,PG,2022-02-21 16:20:10,-6.2167,155.6333,79.32,80,100,2.66,overcast clouds
563,Serebryanyy Bor,RU,2022-02-21 16:20:10,56.8,124.8,-9.92,99,100,1.34,overcast clouds
564,Svirsk,RU,2022-02-21 16:20:10,53.0858,103.3325,-2.34,100,87,3.38,overcast clouds
565,Pointe Michel,DM,2022-02-21 16:20:11,15.25,-61.3833,86.94,48,40,8.05,scattered clouds
566,Swift Current,CA,2022-02-21 16:16:13,50.2834,-107.8014,-10.39,77,100,6.91,overcast clouds
567,Bataipora,BR,2022-02-21 16:20:11,-22.2953,-53.2711,94.26,34,19,6.51,few clouds
568,Yagodnoye,RU,2022-02-21 16:20:12,62.55,149.6667,-39.06,98,23,4.36,few clouds
569,Maniitsoq,GL,2022-02-21 16:20:12,65.4167,-52.9,-6.11,90,88,4.12,overcast clouds
570,Bathsheba,BB,2022-02-21 16:20:12,13.2167,-59.5167,84.81,61,40,19.57,scattered clouds
571,Dzilam Gonzalez,MX,2022-02-21 16:20:12,21.2833,-88.9333,82.92,55,0,7.27,clear sky
572,Korla,CN,2022-02-21 16:20:13,41.7597,86.1469,30.45,41,0,2.91,clear sky
573,Taloda,IN,2022-02-21 16:20:13,21.5667,74.2167,79.61,21,1,5.46,clear sky
574,Kambove,CD,2022-02-21 16:20:13,-10.8764,26.5969,66.11,89,80,4.68,broken clouds
575,Ankang,CN,2022-02-21 16:20:14,32.68,109.0172,41.79,52,55,1.77,broken clouds
576,Kingori,TZ,2022-02-21 16:20:14,-3.2833,36.9833,74.44,58,58,0.63,broken clouds
577,Star Dojran,MK,2022-02-21 16:20:15,41.1875,22.7208,59.63,71,17,5.97,few clouds
578,Gigmoto,PH,2022-02-21 16:20:15,13.7796,124.39,78.33,87,100,12.82,overcast clouds
579,Midland,US,2022-02-21 16:16:13,31.9974,-102.0779,65.75,30,0,13.8,clear sky
580,Toora-Khem,RU,2022-02-21 16:20:15,52.4675,96.11,-3.14,99,83,1.39,broken clouds
581,Rock Sound,BS,2022-02-21 16:20:16,24.9,-76.2,74.41,75,10,17.11,clear sky
582,Moose Factory,CA,2022-02-21 16:20:16,51.2585,-80.6094,-16.6,57,0,10.36,clear sky
583,Tecpan,GT,2022-02-21 16:20:17,14.7623,-90.9947,68.88,43,5,5.88,clear sky
584,Chumikan,RU,2022-02-21 16:20:17,54.7183,135.315,-7.46,85,1,14.52,clear sky
585,Kizukuri,JP,2022-02-21 16:20:17,40.8061,140.3861,25.95,75,100,24.05,light snow
586,Santa Fe,AR,2022-02-21 16:19:13,-31.6333,-60.7,84.99,44,3,11.01,light rain
587,Soyo,AO,2022-02-21 16:20:18,-6.1349,12.3689,86.05,72,77,10.36,broken clouds
588,Ossora,RU,2022-02-21 16:20:18,59.2353,163.0719,-20.16,87,5,3.67,clear sky
589,Shache,CN,2022-02-21 16:16:07,38.4167,77.2406,35.44,37,0,7.0,clear sky
590,Scarborough,GB,2022-02-21 16:20:18,54.2797,-0.4044,48.51,72,6,5.01,clear sky
591,Sarkikaraagac,TR,2022-02-21 16:20:19,38.0794,31.3664,39.27,95,94,4.52,overcast clouds
592,Teeli,RU,2022-02-21 16:20:19,51.0333,90.2333,-7.29,88,23,3.06,few clouds
593,Gravdal,NO,2022-02-21 16:21:20,68.1214,13.5031,22.68,62,100,4.92,overcast clouds
594,Kon Tum,VN,2022-02-21 16:21:20,14.35,108.0,62.83,92,11,4.14,few clouds
595,Soledade,BR,2022-02-21 16:21:20,-28.8183,-52.5103,85.42,38,46,9.37,scattered clouds
596,Kihei,US,2022-02-21 16:21:21,20.785,-156.4656,74.84,86,0,0.0,clear sky
597,Labuhan,ID,2022-02-21 16:21:21,-6.8844,112.2051,78.39,83,100,6.35,light rain
598,Husavik,IS,2022-02-21 16:21:21,66.0449,-17.3389,28.31,74,100,15.48,overcast clouds
599,Banda Aceh,ID,2022-02-21 16:21:22,5.5577,95.3222,80.73,83,70,8.25,broken clouds
600,Bara,NG,2022-02-21 16:21:22,10.3744,10.7288,92.98,9,42,9.89,scattered clouds
601,Chardara,KZ,2022-02-21 16:21:23,41.2547,67.9692,51.51,51,1,13.29,clear sky
602,Lebyazhye,RU,2022-02-21 16:21:23,55.2689,66.4947,31.44,87,100,13.04,overcast clouds
603,Suhut,TR,2022-02-21 16:21:23,38.5311,30.5458,39.36,81,77,4.99,broken clouds
604,Barcelos,PT,2022-02-21 16:17:28,41.5388,-8.6151,66.92,54,8,7.87,clear sky
605,Znamenskoye,RU,2022-02-21 16:21:24,57.1281,73.8282,21.16,95,100,8.12,light snow
606,Constantine,DZ,2022-02-21 16:21:24,36.365,6.6147,58.41,54,0,13.8,clear sky
607,Hervey Bay,AU,2022-02-21 16:21:24,-25.2986,152.8535,73.02,90,2,5.99,clear sky
608,Cape Coast,GH,2022-02-21 16:20:14,5.1053,-1.2466,84.24,73,29,13.51,scattered clouds
609,Te Anau,NZ,2022-02-21 16:21:25,-45.4167,167.7167,55.13,94,99,6.38,overcast clouds
610,Kindu,CD,2022-02-21 16:21:25,-2.95,25.95,80.71,66,100,0.6,overcast clouds
611,Beirut,LB,2022-02-21 16:20:04,33.8889,35.4944,59.74,72,48,12.66,scattered clouds
612,Aripuana,BR,2022-02-21 16:21:26,-9.1667,-60.6333,76.23,88,100,1.5,overcast clouds
613,Abaza,RU,2022-02-21 16:21:26,52.655,90.0928,7.68,94,56,4.34,broken clouds
614,Itarema,BR,2022-02-21 16:21:26,-2.9248,-39.9167,87.71,58,46,16.93,scattered clouds
615,Leshukonskoye,RU,2022-02-21 16:21:27,64.8989,45.7622,14.22,98,97,3.56,overcast clouds
616,Sorong,ID,2022-02-21 16:21:27,-0.8833,131.25,79.05,86,100,13.27,moderate rain
617,Vila,PT,2022-02-21 16:21:28,42.0304,-8.1588,56.75,58,9,6.78,clear sky
618,Naron,ES,2022-02-21 16:21:28,43.5167,-8.1528,59.68,67,40,8.39,scattered clouds
619,Santa Maria Del Rio,MX,2022-02-21 16:21:28,21.8,-100.75,63.84,38,5,2.93,clear sky
620,Middle Island,US,2022-02-21 16:21:29,40.8843,-72.9373,47.71,56,0,11.5,clear sky
621,Juba,SS,2022-02-21 16:21:06,4.8517,31.5825,87.35,12,100,4.52,overcast clouds
622,Koroni,GR,2022-02-21 16:21:29,36.8,21.95,61.07,87,25,9.04,scattered clouds
623,Bulgan,MN,2022-02-21 16:21:29,48.8125,103.5347,-2.43,91,4,4.09,clear sky
624,Vetlanda,SE,2022-02-21 16:21:30,57.4289,15.0776,33.67,92,100,16.71,light snow
625,Veraval,IN,2022-02-21 16:21:30,20.9,70.3667,72.73,78,0,12.28,clear sky
626,Bo Rai,TH,2022-02-21 16:21:31,12.5728,102.5371,78.76,93,97,5.35,overcast clouds
627,Atambua,ID,2022-02-21 16:21:31,-9.1061,124.8925,71.92,97,100,2.73,moderate rain
628,Piacabucu,BR,2022-02-21 16:21:31,-10.4056,-36.4344,85.64,61,88,9.8,overcast clouds
629,Perelyub,RU,2022-02-21 16:21:32,51.8667,50.3667,18.55,98,49,6.04,scattered clouds
630,Ust-Kulom,RU,2022-02-21 16:21:32,61.6864,53.6902,22.82,90,100,10.85,overcast clouds
631,Podsineye,RU,2022-02-21 16:21:32,53.6658,91.5364,1.4,85,20,2.24,mist
632,Apple Valley,US,2022-02-21 16:21:33,34.5008,-117.1859,48.67,66,54,1.99,broken clouds
633,Erzin,TR,2022-02-21 16:21:33,36.9559,36.2,59.72,96,97,5.61,overcast clouds
634,Siocon,PH,2022-02-21 16:21:33,7.7061,122.1353,77.52,84,100,1.36,overcast clouds
635,Road Town,VG,2022-02-21 16:19:04,18.4167,-64.6167,84.29,65,40,11.5,scattered clouds
636,Atar,MR,2022-02-21 16:22:34,20.5169,-13.0499,89.02,11,93,5.08,overcast clouds
637,Batsfjord,NO,2022-02-21 16:22:34,70.6345,29.7185,23.22,79,0,0.0,clear sky
638,Dubbo,AU,2022-02-21 16:20:27,-32.25,148.6167,66.33,88,75,11.5,light rain
639,Baherden,TM,2022-02-21 16:22:34,38.4362,57.4316,51.08,55,100,5.93,overcast clouds
640,Oranjemund,NA,2022-02-21 16:22:35,-28.55,16.4333,68.52,75,3,18.28,clear sky
641,San Jeronimo,PE,2022-02-21 16:22:35,-11.9472,-75.2829,60.69,50,100,1.23,overcast clouds
642,Kurri Kurri,AU,2022-02-21 16:22:35,-32.8167,151.4833,74.52,96,100,2.46,overcast clouds
643,Saint-Pierre,RE,2022-02-21 16:22:36,-21.3393,55.4781,78.48,73,75,10.36,broken clouds
644,Goderich,CA,2022-02-21 16:22:36,43.7501,-81.7165,37.72,70,96,10.36,overcast clouds
645,Sorland,NO,2022-02-21 16:22:36,67.667,12.6934,31.03,57,100,9.01,overcast clouds
646,Mantua,IT,2022-02-21 16:22:37,45.1667,10.7833,61.84,78,40,7.43,scattered clouds
647,Machiques,VE,2022-02-21 16:22:37,10.0644,-72.545,88.93,41,8,9.82,clear sky
648,Filadelfia,US,2022-02-21 16:20:19,39.9523,-75.1638,52.14,46,20,4.61,few clouds
649,Tandahimba,TZ,2022-02-21 16:22:37,-10.75,39.6333,75.88,92,74,4.0,moderate rain
650,Lodja,CD,2022-02-21 16:22:38,-3.4833,23.4333,81.0,66,100,0.6,overcast clouds
651,Rawson,AR,2022-02-21 16:22:38,-43.3002,-65.1023,55.85,57,96,18.19,overcast clouds
652,Bangarapet,IN,2022-02-21 16:22:38,12.9667,78.2,79.79,44,80,7.47,broken clouds
653,Jambi,ID,2022-02-21 16:22:38,-1.6,103.6167,75.4,95,100,2.21,overcast clouds
654,Oeiras,BR,2022-02-21 16:22:39,-7.0253,-42.1311,91.98,42,56,5.14,broken clouds
655,Ballina,AU,2022-02-21 16:22:39,-28.8667,153.5667,68.95,98,24,3.33,moderate rain
656,Geraldton,AU,2022-02-21 16:22:39,-28.7667,114.6,75.61,78,73,17.27,broken clouds
657,Cerrito,CO,2022-02-21 16:22:40,6.8432,-72.694,58.39,65,100,4.74,overcast clouds
658,Zhangye,CN,2022-02-21 16:22:40,38.9342,100.4517,23.4,51,18,6.44,few clouds
659,Santa Cruz De Tenerife,ES,2022-02-21 16:22:22,28.4682,-16.2546,66.72,74,40,8.05,scattered clouds
660,Xichang,CN,2022-02-21 16:22:40,27.8964,102.2634,34.07,94,100,4.59,snow
661,Blackwater,AU,2022-02-21 16:22:41,-23.5833,148.8833,73.18,83,0,8.03,clear sky
662,Zastron,ZA,2022-02-21 16:22:41,-30.3023,27.084,77.77,17,0,13.15,clear sky
663,Kibakwe,TZ,2022-02-21 16:22:41,-6.7167,36.3667,66.29,88,94,1.99,overcast clouds
664,Khani,GE,2022-02-21 16:22:42,41.9563,42.9566,36.97,99,100,1.19,overcast clouds
665,La Ronge,CA,2022-02-21 16:22:42,55.1001,-105.2842,-27.15,62,0,6.91,clear sky
666,Charters Towers,AU,2022-02-21 16:22:42,-20.1,146.2667,74.57,88,3,7.65,clear sky
667,Limbe,CM,2022-02-21 16:22:43,4.0242,9.2149,86.85,70,53,9.82,broken clouds
668,Zhuanghe,CN,2022-02-21 16:22:43,39.7008,122.9911,18.3,35,28,7.2,scattered clouds
669,Largo,US,2022-02-21 16:21:24,27.9095,-82.7873,81.01,65,0,11.5,clear sky
670,Dhidhdhoo,MV,2022-02-21 16:19:55,6.8833,73.1,82.6,70,12,8.01,few clouds
671,Morondava,MG,2022-02-21 16:18:36,-20.2833,44.2833,84.07,77,4,18.07,clear sky
672,Tevaitoa,PF,2022-02-21 16:22:44,-16.7833,-151.5,80.37,77,100,19.3,light rain
673,Vestmanna,FO,2022-02-21 16:22:44,62.1564,-7.1664,32.92,69,63,3.44,broken clouds
674,Trelew,AR,2022-02-21 16:22:27,-43.249,-65.3051,56.55,51,96,17.25,overcast clouds
675,Atherton,GB,2022-02-21 16:22:44,53.5237,-2.4935,50.49,71,80,14.0,broken clouds
676,Kuusamo,FI,2022-02-21 16:22:44,65.9667,29.1833,12.24,85,77,1.14,broken clouds
677,Barabai,ID,2022-02-21 16:17:45,-2.5833,115.3833,72.77,93,99,1.59,overcast clouds
678,Naryan-Mar,RU,2022-02-21 16:22:45,67.6713,53.087,17.06,97,100,4.0,overcast clouds
679,Karoi,ZW,2022-02-21 16:19:11,-16.8099,29.6925,70.07,87,69,3.18,moderate rain
680,Carambei,BR,2022-02-21 16:22:45,-24.9178,-50.0972,79.16,50,85,5.35,overcast clouds
681,Manokwari,ID,2022-02-21 16:23:45,-0.8667,134.0833,76.68,93,100,4.23,very heavy rain
682,Kampot,KH,2022-02-21 16:23:46,10.6167,104.1833,77.05,74,38,3.65,scattered clouds
683,Kismayo,SO,2022-02-21 16:23:46,-0.3582,42.5454,79.03,83,58,13.38,broken clouds
684,Oriximina,BR,2022-02-21 16:23:47,-1.7656,-55.8661,88.7,57,57,4.29,broken clouds
685,Sawtell,AU,2022-02-21 16:23:47,-30.3833,153.1,72.19,92,92,0.0,overcast clouds
